PRINCIPIO ATIVO;"TERMOS (todos precisam aparecer; | = sinonimo)";CATEGORIA;NOME OFICIAL DA CATEGORIA;BASE PEDE VALIDAR;DESTINO CORRIGIDO;OUTRAS CATEGORIAS NA BASE
Amicacina;AMICACINA;AMINOGLICOSIDEOS;J01K AMINOGLICOSIDEOS;;;
Estreptomicina;ESTREPTOMICINA;AMINOGLICOSIDEOS;J01K AMINOGLICOSIDEOS;SIM;;TODOS OUTROS ANTI BACTERIANOS
Gentamicina;GENTAMICINA;AMINOGLICOSIDEOS;J01K AMINOGLICOSIDEOS;;;
Tobramicina;TOBRAMICINA;AMINOGLICOSIDEOS;J01K AMINOGLICOSIDEOS;;;
Doripenem;DORIPENEM;PENEMOS E CARBAPENEMOS;J01P2 PENEMOS E CARBAPENEMOS;SIM;;
Ertapenem;ERTAPENEM;PENEMOS E CARBAPENEMOS;J01P2 PENEMOS E CARBAPENEMOS;SIM;;
Imipenem;IMIPENEM;PENEMOS E CARBAPENEMOS;J01P2 PENEMOS E CARBAPENEMOS;SIM;;
Meropenem;MEROPENEM;PENEMOS E CARBAPENEMOS;J01P2 PENEMOS E CARBAPENEMOS;SIM;;
Cefalexina;CEFALEXINA;CEFALOSPORINAS ORAIS;J01D1 CEFALOSPORINAS ORAIS;SIM;;
Cefepima;CEFEPIMA;CEFALOSPORINAS ORAIS;J01D1 CEFALOSPORINAS ORAIS;SIM;;
Ceftarolina;CEFTAROLINA;CEFALOSPORINAS ORAIS;J01D1 CEFALOSPORINAS ORAIS;SIM;;
Ceftriaxona;CEFTRIAXONA;CEFALOSPORINAS ORAIS;J01D1 CEFALOSPORINAS ORAIS;SIM;;
Cefuroxima;CEFUROXIMA;CEFALOSPORINAS ORAIS;J01D1 CEFALOSPORINAS ORAIS;SIM;;
Ciprofloxacino;CIPROFLOXACINO;FLUOROQUINOLONAS ORAIS;J01G1 FLUOROQUINOLONAS ORAIS;SIM;;
Levofloxacino;LEVOFLOXACINO;FLUOROQUINOLONAS ORAIS;J01G1 FLUOROQUINOLONAS ORAIS;SIM;;
Moxifloxacino;MOXIFLOXACINO;FLUOROQUINOLONAS ORAIS;J01G1 FLUOROQUINOLONAS ORAIS;SIM;;
Norfloxacino;NORFLOXACINO;FLUOROQUINOLONAS ORAIS;J01G1 FLUOROQUINOLONAS ORAIS;SIM;;
Teicoplanina;TEICOPLANINA;ANTI BACTERIANOS GLICOPEPTIDICOS;J01X1 ANTI BACTERIANOS GLICOPEPTIDICOS;SIM;;
Vancomicina;VANCOMICINA;ANTI BACTERIANOS GLICOPEPTIDICOS;J01X1 ANTI BACTERIANOS GLICOPEPTIDICOS;SIM;;
Clindamicina;CLINDAMICINA;TODOS OUTROS ANTI BACTERIANOS;J01X9 TODOS OUTROS ANTI BACTERIANOS;SIM;;
Lincomicina;LINCOMICINA;TODOS OUTROS ANTI BACTERIANOS;J01X9 TODOS OUTROS ANTI BACTERIANOS;SIM;;
Azitromicina;AZITROMICINA;MACROLIDEOS E SIMILARES;J01F MACROLIDEOS E SIMILARES;SIM;;
Claritromicina;CLARITROMICINA;MACROLIDEOS E SIMILARES;J01F MACROLIDEOS E SIMILARES;SIM;;
Eritromicina;ERITROMICINA;MACROLIDEOS E SIMILARES;J01F MACROLIDEOS E SIMILARES;SIM;;
Aztreonam;AZTREONAM;MONOBACTAMICOS;J01P1 MONOBACTAMICOS;SIM;;
Nitrofurantoína;NITROFURANTOINA;ANTIBACTERIANOS URINARIOS;G04A1 ANTIBACTERIANOS URINARIOS;SIM;;
Metronidazol;METRONIDAZOL;TODOS OUTROS ANTI BACTERIANOS;J01X9 TODOS OUTROS ANTI BACTERIANOS;SIM;;AMEBICIDAS
Secnidazol;SECNIDAZOL;TODOS OUTROS ANTI BACTERIANOS;J01X9 TODOS OUTROS ANTI BACTERIANOS;SIM;;
Tinidazol;TINIDAZOL;TODOS OUTROS ANTI BACTERIANOS;J01X9 TODOS OUTROS ANTI BACTERIANOS;SIM;;
Linezolida;LINEZOLIDA;TODOS OUTROS ANTI BACTERIANOS;J01X9 TODOS OUTROS ANTI BACTERIANOS;SIM;;
Tedizolida;TEDIZOLIDA;TODOS OUTROS ANTI BACTERIANOS;J01X9 TODOS OUTROS ANTI BACTERIANOS;SIM;;
Amoxicilina;AMOXICILINA;PENICILINAS DE AMPLO ESPECTRO ORAIS;J01C1 PENICILINAS DE AMPLO ESPECTRO ORAIS;SIM;;
Ampicilina;AMPICILINA;PENICILINAS DE AMPLO ESPECTRO ORAIS;J01C1 PENICILINAS DE AMPLO ESPECTRO ORAIS;SIM;;
Oxacilina;OXACILINA;PENICILINAS DE AMPLO ESPECTRO ORAIS;J01C1 PENICILINAS DE AMPLO ESPECTRO ORAIS;SIM;;
Penicilina G;PENICILINA G;PENICILINAS DE AMPLO ESPECTRO ORAIS;J01C1 PENICILINAS DE AMPLO ESPECTRO ORAIS;SIM;;
Penicilina V;PENICILINA V;PENICILINAS DE AMPLO ESPECTRO ORAIS;J01C1 PENICILINAS DE AMPLO ESPECTRO ORAIS;SIM;;
Piperacilina;PIPERACILINA;PENICILINAS DE AMPLO ESPECTRO ORAIS;J01C1 PENICILINAS DE AMPLO ESPECTRO ORAIS;SIM;;
Amoxicilina+Clavulanato;AMOXICILINA + CLAVULANATO;PENICILINAS DE AMPLO ESPECTRO ORAIS;J01C1 PENICILINAS DE AMPLO ESPECTRO ORAIS;SIM;;
Ampicilina+Sulbactam;AMPICILINA + SULBACTAM;PENICILINAS DE AMPLO ESPECTRO ORAIS;J01C1 PENICILINAS DE AMPLO ESPECTRO ORAIS;SIM;;
Piperacilina+Tazobactam;PIPERACILINA + TAZOBACTAM;PENICILINAS DE AMPLO ESPECTRO ORAIS;J01C1 PENICILINAS DE AMPLO ESPECTRO ORAIS;SIM;;
Colistina (Polimixina E);COLISTINA|POLIMIXINA E;TODOS OUTROS ANTI BACTERIANOS;J01X9 TODOS OUTROS ANTI BACTERIANOS;SIM;;
Polimixina B;POLIMIXINA B;TODOS OUTROS ANTI BACTERIANOS;J01X9 TODOS OUTROS ANTI BACTERIANOS;SIM;;
Sulfametoxazol+Trimetoprima (Cotrimoxazol);SULFAMETOXAZOL + TRIMETOPRIMA;ASSOCIACOES DE TRIMETOPRIM E SIMILARES;J01E ASSOCIACOES DE TRIMETOPRIM E SIMILARES;SIM;;
Doxiciclina;DOXICICLINA;TETRACICLINAS E ASSOCIACOES;J01A TETRACICLINAS E ASSOCIACOES;SIM;;
Minociclina;MINOCICLINA;TETRACICLINAS E ASSOCIACOES;J01A TETRACICLINAS E ASSOCIACOES;SIM;;
Tetraciclina;TETRACICLINA;TETRACICLINAS E ASSOCIACOES;J01A TETRACICLINAS E ASSOCIACOES;SIM;;
Tigeciclina;TIGECICLINA;TETRACICLINAS E ASSOCIACOES;J01A TETRACICLINAS E ASSOCIACOES;SIM;;
Terbinafina;TERBINAFINA;ANTIFUNGICOS DERMATOLOGICOS TOPICOS;D01A1 ANTIFUNGICOS DERMATOLOGICOS TOPICOS;SIM;;
Cetoconazol;CETOCONAZOL;AGENTES ANTIMICOTICOS SISTEMICOS EXCLUINDO GRISEOF;J02A AGENTES ANTIMICOTICOS SISTEMICOS EXCLUINDO GRISEOF;SIM;;
Fluconazol;FLUCONAZOL;AGENTES ANTIMICOTICOS SISTEMICOS EXCLUINDO GRISEOF;J02A AGENTES ANTIMICOTICOS SISTEMICOS EXCLUINDO GRISEOF;SIM;;
Itraconazol;ITRACONAZOL;AGENTES ANTIMICOTICOS SISTEMICOS EXCLUINDO GRISEOF;J02A AGENTES ANTIMICOTICOS SISTEMICOS EXCLUINDO GRISEOF;SIM;;
Posaconazol;POSACONAZOL;AGENTES ANTIMICOTICOS SISTEMICOS EXCLUINDO GRISEOF;J02A AGENTES ANTIMICOTICOS SISTEMICOS EXCLUINDO GRISEOF;SIM;;
Voriconazol;VORICONAZOL;AGENTES ANTIMICOTICOS SISTEMICOS EXCLUINDO GRISEOF;J02A AGENTES ANTIMICOTICOS SISTEMICOS EXCLUINDO GRISEOF;SIM;;
Anidulafungina;ANIDULAFUNGINA;AGENTES ANTIMICOTICOS SISTEMICOS EXCLUINDO GRISEOF;J02A AGENTES ANTIMICOTICOS SISTEMICOS EXCLUINDO GRISEOF;SIM;;
Caspofungina;CASPOFUNGINA;AGENTES ANTIMICOTICOS SISTEMICOS EXCLUINDO GRISEOF;J02A AGENTES ANTIMICOTICOS SISTEMICOS EXCLUINDO GRISEOF;SIM;;
Micafungina;MICAFUNGINA;AGENTES ANTIMICOTICOS SISTEMICOS EXCLUINDO GRISEOF;J02A AGENTES ANTIMICOTICOS SISTEMICOS EXCLUINDO GRISEOF;SIM;;
Anfotericina B;ANFOTERICINA B;AGENTES ANTIMICOTICOS SISTEMICOS EXCLUINDO GRISEOF;J02A AGENTES ANTIMICOTICOS SISTEMICOS EXCLUINDO GRISEOF;SIM;;
Nistatina;NISTATINA;AGENTES ANTIMICOTICOS SISTEMICOS EXCLUINDO GRISEOF;J02A AGENTES ANTIMICOTICOS SISTEMICOS EXCLUINDO GRISEOF;SIM;;
Albendazol;ALBENDAZOL;ANTIHELMINTICOS EXCETO OS ESQUISTOSOMICIDAS;P01B ANTIHELMINTICOS EXCETO OS ESQUISTOSOMICIDAS;SIM;;
Ivermectina;IVERMECTINA;ANTIHELMINTICOS EXCETO OS ESQUISTOSOMICIDAS;P01B ANTIHELMINTICOS EXCETO OS ESQUISTOSOMICIDAS;SIM;;ECTOPARASITICIDAS INCL ESCAB
Levamisol;LEVAMISOL;ANTIHELMINTICOS EXCETO OS ESQUISTOSOMICIDAS;P01B ANTIHELMINTICOS EXCETO OS ESQUISTOSOMICIDAS;SIM;;
Mebendazol;MEBENDAZOL;ANTIHELMINTICOS EXCETO OS ESQUISTOSOMICIDAS;P01B ANTIHELMINTICOS EXCETO OS ESQUISTOSOMICIDAS;SIM;;
Praziquantel;PRAZIQUANTEL;ANTIHELMINTICOS EXCETO OS ESQUISTOSOMICIDAS;P01B ANTIHELMINTICOS EXCETO OS ESQUISTOSOMICIDAS;SIM;;
Artemeter+Lumefantrina;ARTEMETER + LUMEFANTRINA;ANTIMALARICOS 1 INGREDIENTE;P01D1 ANTIMALARICOS 1 INGREDIENTE;SIM;;
Cloroquina;CLOROQUINA;ANTIMALARICOS 1 INGREDIENTE;P01D1 ANTIMALARICOS 1 INGREDIENTE;SIM;;
Mefloquina;MEFLOQUINA;ANTIMALARICOS 1 INGREDIENTE;P01D1 ANTIMALARICOS 1 INGREDIENTE;SIM;;
Primaquina;PRIMAQUINA;ANTIMALARICOS 1 INGREDIENTE;P01D1 ANTIMALARICOS 1 INGREDIENTE;SIM;;
Quinina;QUININA;ANTIMALARICOS 1 INGREDIENTE;P01D1 ANTIMALARICOS 1 INGREDIENTE;SIM;;
Nitazoxanida;NITAZOXANIDA;AMEBICIDAS;P01A AMEBICIDAS;SIM;;
Pentamidina;PENTAMIDINA;AMEBICIDAS;P01A AMEBICIDAS;SIM;;
Bictegravir;BICTEGRAVIR;INIBIDORES NUCLEOSIDOS DA TRANSCRIPTASE REVERSA;J05C1 INIBIDORES NUCLEOSIDOS DA TRANSCRIPTASE REVERSA;SIM;;
Dolutegravir;DOLUTEGRAVIR;INIBIDORES NUCLEOSIDOS DA TRANSCRIPTASE REVERSA;J05C1 INIBIDORES NUCLEOSIDOS DA TRANSCRIPTASE REVERSA;SIM;;
Raltegravir;RALTEGRAVIR;INIBIDORES NUCLEOSIDOS DA TRANSCRIPTASE REVERSA;J05C1 INIBIDORES NUCLEOSIDOS DA TRANSCRIPTASE REVERSA;SIM;;
Atazanavir;ATAZANAVIR;ANTINEOPLASICOS INIBIDORES DA PROTEASE;L01J ANTINEOPLASICOS INIBIDORES DA PROTEASE;;;
Darunavir;DARUNAVIR;ANTINEOPLASICOS INIBIDORES DA PROTEASE;L01J ANTINEOPLASICOS INIBIDORES DA PROTEASE;;;
Lopinavir/Ritonavir;LOPINAVIR + RITONAVIR;OUTROS ANTIVIRAIS;J05B OUTROS ANTIVIRAIS;;SIM;"ANTINEOPLASICOS INIBIDORES DA PROTEASE; ANTINEOPLASICOS INIBIDORES DA PROTEASE"
Abacavir;ABACAVIR;INIBIDORES NUCLEOSIDOS DA TRANSCRIPTASE REVERSA;J05C1 INIBIDORES NUCLEOSIDOS DA TRANSCRIPTASE REVERSA;;;
Lamivudina;LAMIVUDINA;INIBIDORES NUCLEOSIDOS DA TRANSCRIPTASE REVERSA;J05C1 INIBIDORES NUCLEOSIDOS DA TRANSCRIPTASE REVERSA;;;
Tenofovir;TENOFOVIR;INIBIDORES NUCLEOSIDOS DA TRANSCRIPTASE REVERSA;J05C1 INIBIDORES NUCLEOSIDOS DA TRANSCRIPTASE REVERSA;SIM;;ANTIVIRAIS PARA HEPATITES INTERFERON E RIBAVIRINA
Zidovudina;ZIDOVUDINA;INIBIDORES NUCLEOSIDOS DA TRANSCRIPTASE REVERSA;J05C1 INIBIDORES NUCLEOSIDOS DA TRANSCRIPTASE REVERSA;;;
Doravirina;DORAVIRINA;INIBIDORES NUCLEOSIDOS DA TRANSCRIPTASE REVERSA;J05C1 INIBIDORES NUCLEOSIDOS DA TRANSCRIPTASE REVERSA;;;
Efavirenz;EFAVIRENZ;INIBIDORES NUCLEOSIDOS DA TRANSCRIPTASE REVERSA;J05C1 INIBIDORES NUCLEOSIDOS DA TRANSCRIPTASE REVERSA;;;
Nevirapina;NEVIRAPINA;INIBIDORES NUCLEOSIDOS DA TRANSCRIPTASE REVERSA;J05C1 INIBIDORES NUCLEOSIDOS DA TRANSCRIPTASE REVERSA;;;
Rilpivirina;RILPIVIRINA;INIBIDORES NUCLEOSIDOS DA TRANSCRIPTASE REVERSA;J05C1 INIBIDORES NUCLEOSIDOS DA TRANSCRIPTASE REVERSA;;;
Etambutol;ETAMBUTOL;TODOS OUTROS ANTI BACTERIANOS;J01X9 TODOS OUTROS ANTI BACTERIANOS;SIM;;
Isoniazida;ISONIAZIDA;TODOS OUTROS ANTI BACTERIANOS;J01X9 TODOS OUTROS ANTI BACTERIANOS;SIM;;
Pirazinamida;PIRAZINAMIDA;TODOS OUTROS ANTI BACTERIANOS;J01X9 TODOS OUTROS ANTI BACTERIANOS;SIM;;
Rifampicina;RIFAMPICINA;RIFAMPICINA RIFAMICINA;J01M RIFAMPICINA RIFAMICINA;;;
Bedaquilina;BEDAQUILINA;TODOS OUTROS ANTI BACTERIANOS;J01X9 TODOS OUTROS ANTI BACTERIANOS;SIM;;
Etionamida;ETIONAMIDA;TODOS OUTROS ANTI BACTERIANOS;J01X9 TODOS OUTROS ANTI BACTERIANOS;SIM;;
Daclatasvir;DACLATASVIR;ANTIVIRAIS PARA HEPATITES INTERFERON E RIBAVIRINA;J05D1 ANTIVIRAIS PARA HEPATITES INTERFERON E RIBAVIRINA;SIM;;
Entecavir;ENTECAVIR;ANTIVIRAIS PARA HEPATITES INTERFERON E RIBAVIRINA;J05D1 ANTIVIRAIS PARA HEPATITES INTERFERON E RIBAVIRINA;SIM;;
Ledipasvir;LEDIPASVIR;ANTIVIRAIS PARA HEPATITES INTERFERON E RIBAVIRINA;J05D1 ANTIVIRAIS PARA HEPATITES INTERFERON E RIBAVIRINA;SIM;;
Sofosbuvir;SOFOSBUVIR;ANTIVIRAIS PARA HEPATITES INTERFERON E RIBAVIRINA;J05D1 ANTIVIRAIS PARA HEPATITES INTERFERON E RIBAVIRINA;SIM;;
Aciclovir;ACICLOVIR;ANTIVIRAL PARA HERPES;J05B3 ANTIVIRAL PARA HERPES;SIM;;
Fanciclovir;FANCICLOVIR;ANTIVIRAL PARA HERPES;J05B3 ANTIVIRAL PARA HERPES;SIM;;
Valaciclovir;VALACICLOVIR;ANTIVIRAL PARA HERPES;J05B3 ANTIVIRAL PARA HERPES;SIM;;
Baloxavir;BALOXAVIR;ANTIVIRAL PARA INFLUENZA;J05B4 ANTIVIRAL PARA INFLUENZA;SIM;;
Oseltamivir;OSELTAMIVIR;ANTIVIRAL PARA INFLUENZA;J05B4 ANTIVIRAL PARA INFLUENZA;SIM;;
Zanamivir;ZANAMIVIR;ANTIVIRAL PARA INFLUENZA;J05B4 ANTIVIRAL PARA INFLUENZA;SIM;;
Clonidina;CLONIDINA;ANTIHIPERTENSIVOS PUROS DE ACAO CENTRAL;C02A1 ANTIHIPERTENSIVOS PUROS DE ACAO CENTRAL;SIM;;
Metildopa;METILDOPA;ANTIHIPERTENSIVOS PUROS DE ACAO CENTRAL;C02A1 ANTIHIPERTENSIVOS PUROS DE ACAO CENTRAL;SIM;;
Doxazosina;DOXAZOSINA;ANTIHIPERTENSIVOS PUROS DE ACAO PERIFERICA;C02A2 ANTIHIPERTENSIVOS PUROS DE ACAO PERIFERICA;SIM;;
Prazosina;PRAZOSINA;ANTIHIPERTENSIVOS PUROS DE ACAO PERIFERICA;C02A2 ANTIHIPERTENSIVOS PUROS DE ACAO PERIFERICA;SIM;;
Terazosina;TERAZOSINA;ANTIHIPERTENSIVOS PUROS DE ACAO PERIFERICA;C02A2 ANTIHIPERTENSIVOS PUROS DE ACAO PERIFERICA;SIM;;
Atenolol;ATENOLOL;AGENTES BETA BLOQUEADORES PUROS;C07A AGENTES BETA BLOQUEADORES PUROS;SIM;;
Bisoprolol;BISOPROLOL;AGENTES BETA BLOQUEADORES PUROS;C07A AGENTES BETA BLOQUEADORES PUROS;SIM;;
Carvedilol;CARVEDILOL;AGENTES BETA BLOQUEADORES PUROS;C07A AGENTES BETA BLOQUEADORES PUROS;SIM;;
Metoprolol;METOPROLOL;AGENTES BETA BLOQUEADORES PUROS;C07A AGENTES BETA BLOQUEADORES PUROS;SIM;;ANTIARRITMICOS
Nebivolol;NEBIVOLOL;AGENTES BETA BLOQUEADORES PUROS;C07A AGENTES BETA BLOQUEADORES PUROS;SIM;;
Propranolol;PROPRANOLOL;AGENTES BETA BLOQUEADORES PUROS;C07A AGENTES BETA BLOQUEADORES PUROS;SIM;;ANTIARRITMICOS
Anlodipino;ANLODIPINO;ANTAGONISTAS DO CALCIO PUROS;C08A ANTAGONISTAS DO CALCIO PUROS;SIM;;
Diltiazem;DILTIAZEM;ANTAGONISTAS DO CALCIO PUROS;C08A ANTAGONISTAS DO CALCIO PUROS;SIM;;ANTIARRITMICOS
Felodipino;FELODIPINO;ANTAGONISTAS DO CALCIO PUROS;C08A ANTAGONISTAS DO CALCIO PUROS;SIM;;
Nifedipino;NIFEDIPINO;ANTAGONISTAS DO CALCIO PUROS;C08A ANTAGONISTAS DO CALCIO PUROS;SIM;;
Verapamil;VERAPAMIL;ANTAGONISTAS DO CALCIO PUROS;C08A ANTAGONISTAS DO CALCIO PUROS;SIM;;ANTIARRITMICOS
Candesartana;CANDESARTANA;ANTAGONISTAS DE LA ANGIOTENSINA II PUROS;C09C ANTAGONISTAS DE LA ANGIOTENSINA II PUROS;SIM;;
Irbesartana;IRBESARTANA;ANTAGONISTAS DE LA ANGIOTENSINA II PUROS;C09C ANTAGONISTAS DE LA ANGIOTENSINA II PUROS;SIM;;
Losartana;LOSARTANA;ANTAGONISTAS DE LA ANGIOTENSINA II PUROS;C09C ANTAGONISTAS DE LA ANGIOTENSINA II PUROS;SIM;;
Olmesartana;OLMESARTANA;ANTAGONISTAS DE LA ANGIOTENSINA II PUROS;C09C ANTAGONISTAS DE LA ANGIOTENSINA II PUROS;SIM;;
Telmisartana;TELMISARTANA;ANTAGONISTAS DE LA ANGIOTENSINA II PUROS;C09C ANTAGONISTAS DE LA ANGIOTENSINA II PUROS;SIM;;
Valsartana;VALSARTANA;ANTAGONISTAS DE LA ANGIOTENSINA II PUROS;C09C ANTAGONISTAS DE LA ANGIOTENSINA II PUROS;SIM;;
Clortalidona;CLORTALIDONA;TIAZIDAS E ANALOGOS PUROS;C03A3 TIAZIDAS E ANALOGOS PUROS;SIM;;
Hidroclorotiazida;HIDROCLOROTIAZIDA;TIAZIDAS E ANALOGOS PUROS;C03A3 TIAZIDAS E ANALOGOS PUROS;SIM;;
Indapamida;INDAPAMIDA;TIAZIDAS E ANALOGOS PUROS;C03A3 TIAZIDAS E ANALOGOS PUROS;SIM;;
Captopril;CAPTOPRIL;INIBIDORES ACE PUROS;C09A INIBIDORES ACE PUROS;SIM;;
Enalapril;ENALAPRIL;INIBIDORES ACE PUROS;C09A INIBIDORES ACE PUROS;SIM;;
Fosinopril;FOSINOPRIL;INIBIDORES ACE PUROS;C09A INIBIDORES ACE PUROS;SIM;;
Lisinopril;LISINOPRIL;INIBIDORES ACE PUROS;C09A INIBIDORES ACE PUROS;SIM;;
Perindopril;PERINDOPRIL;INIBIDORES ACE PUROS;C09A INIBIDORES ACE PUROS;SIM;;
Ramipril;RAMIPRIL;INIBIDORES ACE PUROS;C09A INIBIDORES ACE PUROS;SIM;;
Alisquireno;ALISQUIRENO;INIBIDORES DIRETOS DE TROMBINA;B01E INIBIDORES DIRETOS DE TROMBINA;;;
Hidralazina;HIDRALAZINA;ANTIHIPERTENSIVOS PUROS DE ACAO PERIFERICA;C02A2 ANTIHIPERTENSIVOS PUROS DE ACAO PERIFERICA;SIM;;
Minoxidil;MINOXIDIL;ANTIHIPERTENSIVOS PUROS DE ACAO PERIFERICA;C02A2 ANTIHIPERTENSIVOS PUROS DE ACAO PERIFERICA;SIM;;
Ácido acetilsalicílico (AAS);ACIDO ACETILSALICILICO|AAS;INIBIDORES DA CICLO OXIGENASE INIBIDORES DA AGREGA;B01C1 INIBIDORES DA CICLO OXIGENASE INIBIDORES DA AGREGA;SIM;;
Abciximabe;ABCIXIMABE;ANTAGONISTAS DOS RECEPTORES ADP INIBIDORES PLAQUET;B01C2 ANTAGONISTAS DOS RECEPTORES ADP INIBIDORES PLAQUET;SIM;;
Eptifibatida;EPTIFIBATIDA;ANTAGONISTAS DOS RECEPTORES ADP INIBIDORES PLAQUET;B01C2 ANTAGONISTAS DOS RECEPTORES ADP INIBIDORES PLAQUET;SIM;;
Tirofibana;TIROFIBANA;ANTAGONISTAS DOS RECEPTORES ADP INIBIDORES PLAQUET;B01C2 ANTAGONISTAS DOS RECEPTORES ADP INIBIDORES PLAQUET;SIM;;
Clopidogrel;CLOPIDOGREL;ANTAGONISTAS DOS RECEPTORES ADP INIBIDORES PLAQUET;B01C2 ANTAGONISTAS DOS RECEPTORES ADP INIBIDORES PLAQUET;SIM;;
Prasugrel;PRASUGREL;ANTAGONISTAS DOS RECEPTORES ADP INIBIDORES PLAQUET;B01C2 ANTAGONISTAS DOS RECEPTORES ADP INIBIDORES PLAQUET;SIM;;
Ticagrelor;TICAGRELOR;ANTAGONISTAS DOS RECEPTORES ADP INIBIDORES PLAQUET;B01C2 ANTAGONISTAS DOS RECEPTORES ADP INIBIDORES PLAQUET;SIM;;
Flecainida;FLECAINIDA;ANTIARRITMICOS;C01B ANTIARRITMICOS;SIM;;
Lidocaína;LIDOCAINA;ANESTESICOS LOCAIS TOPICOS;;SIM;SIM;"ANTIARRITMICOS; ANESTESICOS LOCAIS; ANTIARRITMICOS"
Propafenona;PROPAFENONA;ANTIARRITMICOS;C01B ANTIARRITMICOS;SIM;;
Quinidina;QUINIDINA;ANTIARRITMICOS;C01B ANTIARRITMICOS;SIM;;
Esmolol;ESMOLOL;ANTIARRITMICOS;C01B ANTIARRITMICOS;SIM;;
Amiodarona;AMIODARONA;ANTIARRITMICOS;C01B ANTIARRITMICOS;SIM;;
Dronedarona;DRONEDARONA;ANTIARRITMICOS;C01B ANTIARRITMICOS;SIM;;
Sotalol;SOTALOL;ANTIARRITMICOS;C01B ANTIARRITMICOS;SIM;;
Adenosina;ADENOSINA;ANTIARRITMICOS;C01B ANTIARRITMICOS;;;
Digoxina;DIGOXINA;GLICOSIDEOS CARDIACOS PUROS;C01A1 GLICOSIDEOS CARDIACOS PUROS;SIM;;ANTIARRITMICOS
Warfarina;WARFARINA;VITAMINA K;B02B1 VITAMINA K;;;
Apixabana;APIXABANA;INIBIDOR DIRETO DO FATOR XA;B01F INIBIDOR DIRETO DO FATOR XA;SIM;;
Dabigatrana;DABIGATRANA;INIBIDOR DIRETO DO FATOR XA;B01F INIBIDOR DIRETO DO FATOR XA;SIM;;
Edoxabana;EDOXABANA;INIBIDOR DIRETO DO FATOR XA;B01F INIBIDOR DIRETO DO FATOR XA;SIM;;
Rivaroxabana;RIVAROXABANA;INIBIDOR DIRETO DO FATOR XA;B01F INIBIDOR DIRETO DO FATOR XA;SIM;;
Dalteparina;DALTEPARINA;HEPARINAS FRACIONADAS;B01B2 HEPARINAS FRACIONADAS;;;
Enoxaparina;ENOXAPARINA;HEPARINAS FRACIONADAS;B01B2 HEPARINAS FRACIONADAS;;;
Fondaparinux;FONDAPARINUX;HEPARINAS FRACIONADAS;B01B2 HEPARINAS FRACIONADAS;;;
Heparina não fracionada;HEPARINA NAO FRACIONADA;HEPARINAS NAO FRACIONADAS;B01B1 HEPARINAS NAO FRACIONADAS;;;
Bumetanida;BUMETANIDA;DIURETICOS DE ALCA PUROS;C03A2 DIURETICOS DE ALCA PUROS;;;
Furosemida;FUROSEMIDA;DIURETICOS DE ALCA PUROS;C03A2 DIURETICOS DE ALCA PUROS;;;
Torasemida;TORASEMIDA;DIURETICOS DE ALCA PUROS;C03A2 DIURETICOS DE ALCA PUROS;;;
Acetazolamida;ACETAZOLAMIDA;DIURETICOS DE ALCA PUROS;C03A2 DIURETICOS DE ALCA PUROS;SIM;;
Amilorida;AMILORIDA;AGENTES POUPADORES DE POTASSIO PUROS;C03A1 AGENTES POUPADORES DE POTASSIO PUROS;;;
Eplerenona;EPLERENONA;AGENTES POUPADORES DE POTASSIO PUROS;C03A1 AGENTES POUPADORES DE POTASSIO PUROS;;;
Espironolactona;ESPIRONOLACTONA;AGENTES POUPADORES DE POTASSIO PUROS;C03A1 AGENTES POUPADORES DE POTASSIO PUROS;;;HORMONIOS SEXUAIS TOPICOS
Atorvastatina;ATORVASTATINA;ESTATINASINIB DA HMG COA REDUTASE;C10A1 ESTATINASINIB DA HMG COA REDUTASE;SIM;;
Fluvastatina;FLUVASTATINA;ESTATINASINIB DA HMG COA REDUTASE;C10A1 ESTATINASINIB DA HMG COA REDUTASE;SIM;;
Pravastatina;PRAVASTATINA;ESTATINASINIB DA HMG COA REDUTASE;C10A1 ESTATINASINIB DA HMG COA REDUTASE;SIM;;
Rosuvastatina;ROSUVASTATINA;ESTATINASINIB DA HMG COA REDUTASE;C10A1 ESTATINASINIB DA HMG COA REDUTASE;SIM;;
Sinvastatina;SINVASTATINA;ESTATINASINIB DA HMG COA REDUTASE;C10A1 ESTATINASINIB DA HMG COA REDUTASE;SIM;;
Bezafibrato;BEZAFIBRATO;FIBRATOS;C10A2 FIBRATOS;SIM;;
Fenofibrato;FENOFIBRATO;FIBRATOS;C10A2 FIBRATOS;SIM;;
Genfibrozila;GENFIBROZILA;FIBRATOS;C10A2 FIBRATOS;SIM;;
Ezetimiba;EZETIMIBA;DEMAIS REGULADORES DE COLESTEROL E TRIGLICERIDES;C10A9 DEMAIS REGULADORES DE COLESTEROL E TRIGLICERIDES;SIM;;
Alirocumabe;ALIROCUMABE;INIBIDORES PCSK9;C10A4 INIBIDORES PCSK9;SIM;;
Evolocumabe;EVOLOCUMABE;INIBIDORES PCSK9;C10A4 INIBIDORES PCSK9;SIM;;
Inclisirana;INCLISIRANA;INIBIDORES PCSK9;C10A4 INIBIDORES PCSK9;SIM;;
Colestiramina;COLESTIRAMINA;DEMAIS REGULADORES DE COLESTEROL E TRIGLICERIDES;C10A9 DEMAIS REGULADORES DE COLESTEROL E TRIGLICERIDES;SIM;;
Sacubitril/Valsartana;SACUBITRIL + VALSARTANA;ANTAGONISTAS DE LA ANGIOTENSINA II PUROS;C09C ANTAGONISTAS DE LA ANGIOTENSINA II PUROS;SIM;;
Dapagliflozina;DAPAGLIFLOZINA;INIBIDOR SGLT2 ANTIDIABETICOS SIMPLES;A10P1 INIBIDOR SGLT2 ANTIDIABETICOS SIMPLES;SIM;;
Empagliflozina;EMPAGLIFLOZINA;INIBIDOR SGLT2 ANTIDIABETICOS SIMPLES;A10P1 INIBIDOR SGLT2 ANTIDIABETICOS SIMPLES;SIM;;
Milrinona;MILRINONA;ESTIMULANTES CARDIACOS EXCL AGENTES DOPAMINERGICOS;C01C1 ESTIMULANTES CARDIACOS EXCL AGENTES DOPAMINERGICOS;SIM;;
Adrenalina;ADRENALINA;ESTIMULANTES CARDIACOS EXCL AGENTES DOPAMINERGICOS;C01C1 ESTIMULANTES CARDIACOS EXCL AGENTES DOPAMINERGICOS;SIM;;
Dobutamina;DOBUTAMINA;ESTIMULANTES CARDIACOS EXCL AGENTES DOPAMINERGICOS;C01C1 ESTIMULANTES CARDIACOS EXCL AGENTES DOPAMINERGICOS;SIM;;
Dopamina;DOPAMINA;ESTIMULANTES CARDIACOS EXCL AGENTES DOPAMINERGICOS;C01C1 ESTIMULANTES CARDIACOS EXCL AGENTES DOPAMINERGICOS;SIM;;
Noradrenalina;NORADRENALINA;ESTIMULANTES CARDIACOS EXCL AGENTES DOPAMINERGICOS;C01C1 ESTIMULANTES CARDIACOS EXCL AGENTES DOPAMINERGICOS;SIM;;
Ivabradina;IVABRADINA;TERAPIA CORONARIA EXCLUINDO ANTAGONISTAS DO CALCIO;C01D TERAPIA CORONARIA EXCLUINDO ANTAGONISTAS DO CALCIO;SIM;;
Isossorbida (mono/dinitrato);ISOSSORBIDA;NITRITOS E NITRATOS;C01E NITRITOS E NITRATOS;SIM;;
Nitroglicerina;NITROGLICERINA;NITRITOS E NITRATOS;C01E NITRITOS E NITRATOS;SIM;;
Adapaleno;ADAPALENO;PREPARACOES ANTIACNE TOPICOS;D10A PREPARACOES ANTIACNE TOPICOS;SIM;;ANTIHISTAMINICOS SISTEMICOS
Clindamicina tópica;CLINDAMICINA + CREME|CR|POMADA|POM|GEL|LOCAO|SPRAY|TOPICO|TOPICA|DERM;PREPARACOES ANTIACNE TOPICOS;D10A PREPARACOES ANTIACNE TOPICOS;SIM;;
Peróxido de benzoíla;PEROXIDO DE BENZOILA;PREPARACOES ANTIACNE TOPICOS;D10A PREPARACOES ANTIACNE TOPICOS;SIM;;
Ácido azelaico;ACIDO AZELAICO;PREPARACOES ANTIACNE TOPICOS;D10A PREPARACOES ANTIACNE TOPICOS;SIM;;
Gentamicina tópica;GENTAMICINA + CREME|CR|POMADA|POM|GEL|LOCAO|SPRAY|TOPICO|TOPICA|DERM;ANTIBACTERIANOS TOPICOS;D06A ANTIBACTERIANOS TOPICOS;;;
Mupirocina;MUPIROCINA;ANTIBACTERIANOS TOPICOS;D06A ANTIBACTERIANOS TOPICOS;;;
Neomicina;NEOMICINA;ANTIBACTERIANOS TOPICOS;D06A ANTIBACTERIANOS TOPICOS;;;
Ácido fusídico;ACIDO FUSIDICO;ANTIBACTERIANOS TOPICOS;D06A ANTIBACTERIANOS TOPICOS;;;
Cetoconazol tópico;CETOCONAZOL + CREME|CR|POMADA|POM|GEL|LOCAO|SPRAY|TOPICO|TOPICA|DERM;ANTIFUNGICOS DERMATOLOGICOS TOPICOS;D01A1 ANTIFUNGICOS DERMATOLOGICOS TOPICOS;;;
Clotrimazol;CLOTRIMAZOL;ANTIFUNGICOS DERMATOLOGICOS TOPICOS;D01A1 ANTIFUNGICOS DERMATOLOGICOS TOPICOS;;;
Miconazol;MICONAZOL;ANTIFUNGICOS DERMATOLOGICOS TOPICOS;D01A1 ANTIFUNGICOS DERMATOLOGICOS TOPICOS;;;
Terbinafina tópica;TERBINAFINA + CREME|CR|POMADA|POM|GEL|LOCAO|SPRAY|TOPICO|TOPICA|DERM;ANTIFUNGICOS DERMATOLOGICOS TOPICOS;D01A1 ANTIFUNGICOS DERMATOLOGICOS TOPICOS;;;
Adalimumabe;ADALIMUMABE;MEDICAMENTOS ANTI TNF;L04B MEDICAMENTOS ANTI TNF;SIM;;"PRODUTOS ANTIPSORIASE TOPICOS; OUTROS PRODUTOS PARA DOENCA INFLAMATORIA INTESTINA"
Calcipotriol;CALCIPOTRIOL;PRODUTOS ANTIPSORIASE TOPICOS;D05A PRODUTOS ANTIPSORIASE TOPICOS;SIM;;
Ixequizumabe;IXEQUIZUMABE;PRODUTOS ANTIPSORIASE TOPICOS;D05A PRODUTOS ANTIPSORIASE TOPICOS;SIM;;
Secuquinumabe;SECUQUINUMABE;PRODUTOS ANTIPSORIASE TOPICOS;D05A PRODUTOS ANTIPSORIASE TOPICOS;SIM;;INIBIDORES DE INTERLEUCINA
Ustequinumabe;USTEQUINUMABE;PRODUTOS ANTIPSORIASE TOPICOS;D05A PRODUTOS ANTIPSORIASE TOPICOS;SIM;;OUTROS PRODUTOS PARA DOENCA INFLAMATORIA INTESTINA
Betametasona;BETAMETASONA;CORTICOIDES TOPICOS PUROS;D07A CORTICOIDES TOPICOS PUROS;SIM;;
Clobetasol;CLOBETASOL;CORTICOIDES TOPICOS PUROS;D07A CORTICOIDES TOPICOS PUROS;SIM;;
Desonida;DESONIDA;CORTICOIDES TOPICOS PUROS;D07A CORTICOIDES TOPICOS PUROS;SIM;;
Hidrocortisona;HIDROCORTISONA;CORTICOIDES TOPICOS PUROS;D07A CORTICOIDES TOPICOS PUROS;SIM;;ASSOCIACOES CORTICOSTEROIDES SISTEMICOS
Mometasona;MOMETASONA;CORTICOIDES TOPICOS PUROS;D07A CORTICOIDES TOPICOS PUROS;SIM;;
Deltametrina;DELTAMETRINA;ECTOPARASITICIDAS INCL ESCAB;P03A ECTOPARASITICIDAS INCL ESCAB;SIM;;
Lindano;LINDANO;ECTOPARASITICIDAS INCL ESCAB;P03A ECTOPARASITICIDAS INCL ESCAB;SIM;;
Permetrina;PERMETRINA;ECTOPARASITICIDAS INCL ESCAB;P03A ECTOPARASITICIDAS INCL ESCAB;SIM;;
Acitretina;ACITRETINA;ANTIHISTAMINICOS SISTEMICOS;R06A ANTIHISTAMINICOS SISTEMICOS;;;
Isotretinoína;ISOTRETINOINA;ANTIHISTAMINICOS SISTEMICOS;R06A ANTIHISTAMINICOS SISTEMICOS;;;
Tretinoína;TRETINOINA;ANTIHISTAMINICOS SISTEMICOS;R06A ANTIHISTAMINICOS SISTEMICOS;;;
Etinilestradiol+Drospirenona;ETINILESTRADIOL + DROSPIRENONA;MONOFASICOS MENOR 50 MCG ESTROGENOS;G03A1 MONOFASICOS MENOR 50 MCG ESTROGENOS;SIM;;
Etinilestradiol+Levonorgestrel;ETINILESTRADIOL + LEVONORGESTREL;MONOFASICOS MENOR 50 MCG ESTROGENOS;G03A1 MONOFASICOS MENOR 50 MCG ESTROGENOS;SIM;;
Desogestrel;DESOGESTREL;PROGESTAGENOS ORAIS PUROS;G03A5 PROGESTAGENOS ORAIS PUROS;SIM;;
Levonorgestrel (DIU/minipílula);LEVONORGESTREL;PROGESTAGENOS ORAIS PUROS;G03A5 PROGESTAGENOS ORAIS PUROS;SIM;;HORMONIOS SEXUAIS TOPICOS
Dulaglutida;DULAGLUTIDA;AGONISTAS GLP 1;A10S AGONISTAS GLP 1;SIM;;
Exenatida;EXENATIDA;AGONISTAS GLP 1;A10S AGONISTAS GLP 1;SIM;;
Liraglutida;LIRAGLUTIDA;AGONISTAS GLP 1;A10S AGONISTAS GLP 1;SIM;;PREPARADOS ANOREXICOS EXETO OS DIETETICOS
Semaglutida;SEMAGLUTIDA;AGONISTAS GLP 1;A10S AGONISTAS GLP 1;SIM;;PREPARADOS ANOREXICOS EXETO OS DIETETICOS
Metformina;METFORMINA;INIBIDOR SGLT2 ANTIDIABETICOS COM BIGUANIDAS;A10P3 INIBIDOR SGLT2 ANTIDIABETICOS COM BIGUANIDAS;;;
Pioglitazona;PIOGLITAZONA;GLITAZONA SOLA;A10K1 GLITAZONA SOLA;SIM;;
Linagliptina;LINAGLIPTINA;INIBIDOR SGLT2 ANTIDIABETICOS SIMPLES;A10P1 INIBIDOR SGLT2 ANTIDIABETICOS SIMPLES;;;
Saxagliptina;SAXAGLIPTINA;INIBIDOR SGLT2 ANTIDIABETICOS SIMPLES;A10P1 INIBIDOR SGLT2 ANTIDIABETICOS SIMPLES;;;
Sitagliptina;SITAGLIPTINA;INIBIDOR SGLT2 ANTIDIABETICOS SIMPLES;A10P1 INIBIDOR SGLT2 ANTIDIABETICOS SIMPLES;;;
Vildagliptina;VILDAGLIPTINA;INIBIDOR SGLT2 ANTIDIABETICOS SIMPLES;A10P1 INIBIDOR SGLT2 ANTIDIABETICOS SIMPLES;;;
Acarbose;ACARBOSE;INIBIDOR SGLT2 ANTIDIABETICOS SIMPLES;A10P1 INIBIDOR SGLT2 ANTIDIABETICOS SIMPLES;;;
Canagliflozina;CANAGLIFLOZINA;INIBIDOR SGLT2 ANTIDIABETICOS SIMPLES;A10P1 INIBIDOR SGLT2 ANTIDIABETICOS SIMPLES;;;
Glibenclamida;GLIBENCLAMIDA;SULFONILOUREIA A DIABETICOS;A10H SULFONILOUREIA A DIABETICOS;SIM;;
Gliclazida;GLICLAZIDA;SULFONILOUREIA A DIABETICOS;A10H SULFONILOUREIA A DIABETICOS;SIM;;
Glimepirida;GLIMEPIRIDA;SULFONILOUREIA A DIABETICOS;A10H SULFONILOUREIA A DIABETICOS;SIM;;
Carbimazol;CARBIMAZOL;ANTI TIREOIDEANOS;H03B ANTI TIREOIDEANOS;SIM;;
Metimazol;METIMAZOL;ANTI TIREOIDEANOS;H03B ANTI TIREOIDEANOS;SIM;;
Propiltiouracila;PROPILTIOURACILA;ANTI TIREOIDEANOS;H03B ANTI TIREOIDEANOS;SIM;;
Dexametasona;DEXAMETASONA;ASSOCIACOES CORTICOSTEROIDES SISTEMICOS;H02B ASSOCIACOES CORTICOSTEROIDES SISTEMICOS;;;
Metilprednisolona;METILPREDNISOLONA;ASSOCIACOES CORTICOSTEROIDES SISTEMICOS;H02B ASSOCIACOES CORTICOSTEROIDES SISTEMICOS;;;
Prednisolona;PREDNISOLONA;ASSOCIACOES CORTICOSTEROIDES SISTEMICOS;H02B ASSOCIACOES CORTICOSTEROIDES SISTEMICOS;;;
Prednisona;PREDNISONA;ASSOCIACOES CORTICOSTEROIDES SISTEMICOS;H02B ASSOCIACOES CORTICOSTEROIDES SISTEMICOS;;;
Fludrocortisona;FLUDROCORTISONA;ASSOCIACOES CORTICOSTEROIDES SISTEMICOS;H02B ASSOCIACOES CORTICOSTEROIDES SISTEMICOS;SIM;;
Colchicina;COLCHICINA;ANTIGOTOSOS;M04A ANTIGOTOSOS;SIM;;
Alopurinol;ALOPURINOL;ANTIGOTOSOS;M04A ANTIGOTOSOS;SIM;;
Febuxostate;FEBUXOSTATE;ANTIGOTOSOS;M04A ANTIGOTOSOS;SIM;;
Benzobromarona;BENZOBROMARONA;ANTIGOTOSOS;M04A ANTIGOTOSOS;SIM;;
Probenecida;PROBENECIDA;ANTIGOTOSOS;M04A ANTIGOTOSOS;SIM;;
Testosterona;TESTOSTERONA;HORMONIOS SEXUAIS TOPICOS;G02F HORMONIOS SEXUAIS TOPICOS;;;
Undecanoato de testosterona;UNDECANOATO DE TESTOSTERONA;HORMONIOS SEXUAIS TOPICOS;G02F HORMONIOS SEXUAIS TOPICOS;;;
Ciproterona;CIPROTERONA;HORMONIOS SEXUAIS TOPICOS;G02F HORMONIOS SEXUAIS TOPICOS;;;
Dutasterida;DUTASTERIDA;INIBIDORES DA TESTOSTERONA 5 ALFAREDUCTASA SIMPLES;G04C3 INIBIDORES DA TESTOSTERONA 5 ALFAREDUCTASA SIMPLES;SIM;;HORMONIOS SEXUAIS TOPICOS
Finasterida;FINASTERIDA;INIBIDORES DA TESTOSTERONA 5 ALFAREDUCTASA SIMPLES;G04C3 INIBIDORES DA TESTOSTERONA 5 ALFAREDUCTASA SIMPLES;SIM;;HORMONIOS SEXUAIS TOPICOS
Estradiol;ESTRADIOL;HORMONIOS SEXUAIS TOPICOS;G02F HORMONIOS SEXUAIS TOPICOS;;;
Estrogênios conjugados;ESTROGENIOS CONJUGADOS;HORMONIOS SEXUAIS TOPICOS;G02F HORMONIOS SEXUAIS TOPICOS;;;
Medroxiprogesterona;MEDROXIPROGESTERONA;HORMONIOS SEXUAIS TOPICOS;G02F HORMONIOS SEXUAIS TOPICOS;;;
Noretisterona;NORETISTERONA;HORMONIOS SEXUAIS TOPICOS;G02F HORMONIOS SEXUAIS TOPICOS;;;
Progesterona;PROGESTERONA;HORMONIOS SEXUAIS TOPICOS;G02F HORMONIOS SEXUAIS TOPICOS;;;
Levotiroxina;LEVOTIROXINA;PREPARADOS DE TIREOIDE;H03A PREPARADOS DE TIREOIDE;SIM;;
Liotironina;LIOTIRONINA;PREPARADOS DE TIREOIDE;H03A PREPARADOS DE TIREOIDE;SIM;;
Insulina Degludeca;INSULINA DEGLUDECA;INSULINAS HUMANAS+ANALOGAS ACAO INTERMEDIA;A10C2 INSULINAS HUMANAS+ANALOGAS ACAO INTERMEDIA;;;
Insulina Detemir;INSULINA DETEMIR;INSULINAS HUMANAS+ANALOGAS ACAO INTERMEDIA;A10C2 INSULINAS HUMANAS+ANALOGAS ACAO INTERMEDIA;;;
Insulina Glargina;INSULINA GLARGINA;INSULINAS HUMANAS+ANALOGAS ACAO INTERMEDIA;A10C2 INSULINAS HUMANAS+ANALOGAS ACAO INTERMEDIA;;;
Insulina NPH;INSULINA NPH;INSULINAS HUMANAS+ANALOGAS ACAO INTERMEDIA;A10C2 INSULINAS HUMANAS+ANALOGAS ACAO INTERMEDIA;;;
Insulina Asparte;INSULINA ASPARTE;INSULINAS HUMANAS E ANALOGAS DE ACAO RAPIDA;A10C1 INSULINAS HUMANAS E ANALOGAS DE ACAO RAPIDA;SIM;;
Insulina Glulisina;INSULINA GLULISINA;INSULINAS HUMANAS E ANALOGAS DE ACAO RAPIDA;A10C1 INSULINAS HUMANAS E ANALOGAS DE ACAO RAPIDA;SIM;;
Insulina Lispro;INSULINA LISPRO;INSULINAS HUMANAS E ANALOGAS DE ACAO RAPIDA;A10C1 INSULINAS HUMANAS E ANALOGAS DE ACAO RAPIDA;SIM;;
Insulina Regular;INSULINA REGULAR;INSULINAS HUMANAS E ANALOGAS DE ACAO RAPIDA;A10C1 INSULINAS HUMANAS E ANALOGAS DE ACAO RAPIDA;SIM;;
Orlistate;ORLISTATE;PREPARADOS ANOREXICOS EXETO OS DIETETICOS;A08A PREPARADOS ANOREXICOS EXETO OS DIETETICOS;SIM;;
Sibutramina;SIBUTRAMINA;PREPARADOS ANOREXICOS EXETO OS DIETETICOS;A08A PREPARADOS ANOREXICOS EXETO OS DIETETICOS;SIM;;
Tirzepatida;TIRZEPATIDA;PREPARADOS ANOREXICOS EXETO OS DIETETICOS;A08A PREPARADOS ANOREXICOS EXETO OS DIETETICOS;SIM;;
Denosumabe;DENOSUMABE;OUTROS REGULADORES DO CALCIO OSSEO;M05B9 OUTROS REGULADORES DO CALCIO OSSEO;SIM;;
Romosozumabe;ROMOSOZUMABE;OUTROS REGULADORES DO CALCIO OSSEO;M05B9 OUTROS REGULADORES DO CALCIO OSSEO;SIM;;
Alendronato;ALENDRONATO;BIFOSFONATOS PARA DESORDENES DE OESTEOPOROSES;M05B3 BIFOSFONATOS PARA DESORDENES DE OESTEOPOROSES;SIM;;
Ibandronato;IBANDRONATO;BIFOSFONATOS PARA DESORDENES DE OESTEOPOROSES;M05B3 BIFOSFONATOS PARA DESORDENES DE OESTEOPOROSES;SIM;;
Risedronato;RISEDRONATO;BIFOSFONATOS PARA DESORDENES DE OESTEOPOROSES;M05B3 BIFOSFONATOS PARA DESORDENES DE OESTEOPOROSES;SIM;;
Ácido zoledrônico;ACIDO ZOLEDRONICO;BIFOSFONATOS PARA DESORDENES DE OESTEOPOROSES;M05B3 BIFOSFONATOS PARA DESORDENES DE OESTEOPOROSES;SIM;;
Raloxifeno;RALOXIFENO;MODULAD SELETIVOS DOS RECEPT DO ESTROGENIO;G03J MODULAD SELETIVOS DOS RECEPT DO ESTROGENIO;;;
Racecadotrila;RACECADOTRILA;MICROORGANISMOS ANTIDIARREICOS;A07F MICROORGANISMOS ANTIDIARREICOS;SIM;;
Saccharomyces boulardii;SACCHAROMYCES BOULARDII;MICROORGANISMOS ANTIDIARREICOS;A07F MICROORGANISMOS ANTIDIARREICOS;SIM;;
Loperamida;LOPERAMIDA;ADSORBENTES INTESTINALES ANTIDIARREICOS;A07B ADSORBENTES INTESTINALES ANTIDIARREICOS;;;
Granisetrona;GRANISETRONA;ANTAGONISTAS DA SEROTONINA;A04A1 ANTAGONISTAS DA SEROTONINA;;;
Ondansetrona;ONDANSETRONA;ANTAGONISTAS DA SEROTONINA;A04A1 ANTAGONISTAS DA SEROTONINA;;;
Palonosetrona;PALONOSETRONA;ANTAGONISTAS DA SEROTONINA;A04A1 ANTAGONISTAS DA SEROTONINA;;;
Aprepitanto;APREPITANTO;ANTAGONISTAS DA SEROTONINA;A04A1 ANTAGONISTAS DA SEROTONINA;;;
Fosaprepitanto;FOSAPREPITANTO;ANTAGONISTAS DA SEROTONINA;A04A1 ANTAGONISTAS DA SEROTONINA;;;
Bromoprida;BROMOPRIDA;ANTAGONISTAS DA SEROTONINA;A04A1 ANTAGONISTAS DA SEROTONINA;;;
Domperidona;DOMPERIDONA;ANTAGONISTAS DA SEROTONINA;A04A1 ANTAGONISTAS DA SEROTONINA;;;
Metoclopramida;METOCLOPRAMIDA;ANTAGONISTAS DA SEROTONINA;A04A1 ANTAGONISTAS DA SEROTONINA;;;
Butilbrometo de escopolamina;BUTILBROMETO DE ESCOPOLAMINA;ANTIESPASMODICOS E ANTICOLINERGICOS PUROS;A03A ANTIESPASMODICOS E ANTICOLINERGICOS PUROS;;;
Hioscina (Escopolamina);HIOSCINA|ESCOPOLAMINA;ANTIESPASMODICOS E ANTICOLINERGICOS PUROS;A03A ANTIESPASMODICOS E ANTICOLINERGICOS PUROS;;;
Mebeverina;MEBEVERINA;ANTIESPASMODICOS E ANTICOLINERGICOS PUROS;A03A ANTIESPASMODICOS E ANTICOLINERGICOS PUROS;;;
Pinaverio;PINAVERIO;ANTIESPASMODICOS E ANTICOLINERGICOS PUROS;A03A ANTIESPASMODICOS E ANTICOLINERGICOS PUROS;;;
Cimetidina;CIMETIDINA;ANTAGONISTAS H2;A02B1 ANTAGONISTAS H2;;;
Famotidina;FAMOTIDINA;ANTAGONISTAS H2;A02B1 ANTAGONISTAS H2;;;
Ranitidina;RANITIDINA;ANTAGONISTAS H2;A02B1 ANTAGONISTAS H2;;;
Bicarbonato de sódio;BICARBONATO DE SODIO;ANTIACIDOS PUROS;A02A1 ANTIACIDOS PUROS;SIM;;
Hidróxido de alumínio;HIDROXIDO DE ALUMINIO;ANTIACIDOS PUROS;A02A1 ANTIACIDOS PUROS;SIM;;
Hidróxido de magnésio;HIDROXIDO DE MAGNESIO;LAXANTES OSMOTICOS;A06A6 LAXANTES OSMOTICOS;SIM;;ANTIACIDOS PUROS
Esomeprazol;ESOMEPRAZOL;INIBIDORES DA BOMBA DE PROTONS;A02B2 INIBIDORES DA BOMBA DE PROTONS;;;
Lansoprazol;LANSOPRAZOL;INIBIDORES DA BOMBA DE PROTONS;A02B2 INIBIDORES DA BOMBA DE PROTONS;;;
Omeprazol;OMEPRAZOL;INIBIDORES DA BOMBA DE PROTONS;A02B2 INIBIDORES DA BOMBA DE PROTONS;;;
Pantoprazol;PANTOPRAZOL;INIBIDORES DA BOMBA DE PROTONS;A02B2 INIBIDORES DA BOMBA DE PROTONS;;;
Rabeprazol;RABEPRAZOL;INIBIDORES DA BOMBA DE PROTONS;A02B2 INIBIDORES DA BOMBA DE PROTONS;;;
Misoprostol;MISOPROSTOL;TODOS OS OUTROS ANTIULCEROSOS;A02B9 TODOS OS OUTROS ANTIULCEROSOS;SIM;;
Sucralfato;SUCRALFATO;TODOS OS OUTROS ANTIULCEROSOS;A02B9 TODOS OS OUTROS ANTIULCEROSOS;SIM;;
Mesalazina;MESALAZINA;AMINOSALICILATOS INTESTINAIS;A07E1 AMINOSALICILATOS INTESTINAIS;;;
Sulfassalazina;SULFASSALAZINA;AMINOSALICILATOS INTESTINAIS;A07E1 AMINOSALICILATOS INTESTINAIS;;;ANTIPSICOTICOS CONVENCIONAIS
Azatioprina;AZATIOPRINA;OUTROS PRODUTOS PARA DOENCA INFLAMATORIA INTESTINA;A07E9 OUTROS PRODUTOS PARA DOENCA INFLAMATORIA INTESTINA;;;ANTIMETABOLITOS
Infliximabe;INFLIXIMABE;MEDICAMENTOS ANTI TNF;L04B MEDICAMENTOS ANTI TNF;SIM;;OUTROS PRODUTOS PARA DOENCA INFLAMATORIA INTESTINA
Vedolizumabe;VEDOLIZUMABE;OUTROS PRODUTOS PARA DOENCA INFLAMATORIA INTESTINA;A07E9 OUTROS PRODUTOS PARA DOENCA INFLAMATORIA INTESTINA;;;
Pancreatina;PANCREATINA;DIGESTIVOS INCLUIDO ENZIMAS;A09A DIGESTIVOS INCLUIDO ENZIMAS;SIM;;
Pancrelipase;PANCRELIPASE;DIGESTIVOS INCLUIDO ENZIMAS;A09A DIGESTIVOS INCLUIDO ENZIMAS;SIM;;
Docusato de sódio;DOCUSATO DE SODIO;LAXANTES SUAVIZANTES;A06A1 LAXANTES SUAVIZANTES;SIM;;
Óleo mineral;OLEO MINERAL;LAXANTES SUAVIZANTES;A06A1 LAXANTES SUAVIZANTES;SIM;;
Bisacodil;BISACODIL;LAXANTES ESTIMULANTES;A06A2 LAXANTES ESTIMULANTES;;;
Picossulfato de sódio;PICOSSULFATO DE SODIO;LAXANTES ESTIMULANTES;A06A2 LAXANTES ESTIMULANTES;;;
Senna;SENNA;LAXANTES ESTIMULANTES;A06A2 LAXANTES ESTIMULANTES;;;
Metilcelulose;METILCELULOSE;INCREMENTADORES DO BOLO INTESTINAL;A06A3 INCREMENTADORES DO BOLO INTESTINAL;SIM;;
Psyllium;PSYLLIUM;INCREMENTADORES DO BOLO INTESTINAL;A06A3 INCREMENTADORES DO BOLO INTESTINAL;SIM;;
Lactulose;LACTULOSE;LAXANTES OSMOTICOS;A06A6 LAXANTES OSMOTICOS;;;
Polietilenoglicol (macrogol);POLIETILENOGLICOL|MACROGOL;LAXANTES OSMOTICOS;A06A6 LAXANTES OSMOTICOS;;;
Darbepoetina alfa;DARBEPOETINA ALFA;ERITROPOIETINAS;B03C ERITROPOIETINAS;SIM;;
Epoetina alfa;EPOETINA ALFA;ERITROPOIETINAS;B03C ERITROPOIETINAS;SIM;;
Ferro polimaltosado;FERRO POLIMALTOSADO;FERRO PURO;B03A1 FERRO PURO;SIM;;
Sacarato de hidróxido férrico;SACARATO DE HIDROXIDO FERRICO;FERRO PURO;B03A1 FERRO PURO;SIM;;
Sulfato ferroso;SULFATO FERROSO;FERRO PURO;B03A1 FERRO PURO;SIM;;
Vitamina B12 (Cianocobalamina);VITAMINA B12|CIANOCOBALAMINA;VITAMINAS B12 PURA;A11F VITAMINAS B12 PURA;;;
Ácido fólico;ACIDO FOLICO;OUTROS ANTIANEMICOS INCLUINDO ACIDO FOLICO E FOLIN;B03X OUTROS ANTIANEMICOS INCLUINDO ACIDO FOLICO E FOLIN;SIM;;COMPLEXO B PURO
Filgrastim;FILGRASTIM;FATOR ESTIMULANTE DE COLONIAS;L03A1 FATOR ESTIMULANTE DE COLONIAS;SIM;;
Pegfilgrastim;PEGFILGRASTIM;FATOR ESTIMULANTE DE COLONIAS;L03A1 FATOR ESTIMULANTE DE COLONIAS;SIM;;
Vitamina K (Fitomenadiona);VITAMINA K|FITOMENADIONA;VITAMINA K;B02B1 VITAMINA K;;SIM;"VITAMINA B1; VITAMINA B1"
Ácido aminocaproico;ACIDO AMINOCAPROICO;ANTIFIBRINOLITICOS SINTETICOS;B02A1 ANTIFIBRINOLITICOS SINTETICOS;SIM;;
Ácido tranexâmico;ACIDO TRANEXAMICO;ANTIFIBRINOLITICOS SINTETICOS;B02A1 ANTIFIBRINOLITICOS SINTETICOS;SIM;;
Imunoglobulina anti-Rh (D);IMUNOGLOBULINA ANTI RH;IMUNO GLOBULINAS POLIVALENTES ENDOVENOSAS;J06C IMUNO GLOBULINAS POLIVALENTES ENDOVENOSAS;SIM;;
Imunoglobulina humana normal (IVIG);IMUNOGLOBULINA HUMANA NORMAL;IMUNO GLOBULINAS POLIVALENTES ENDOVENOSAS;J06C IMUNO GLOBULINAS POLIVALENTES ENDOVENOSAS;SIM;;
Soro antiofídico;SORO ANTIOFIDICO;IMUNO GLOBULINAS POLIVALENTES ENDOVENOSAS;J06C IMUNO GLOBULINAS POLIVALENTES ENDOVENOSAS;SIM;;
Vacina DTP (Difteria-Tétano-Pertussis);VACINA DTP;VACINA PNEUMOCOCO;J07D1 VACINA PNEUMOCOCO;;;
Vacina Meningocócica;VACINA MENINGOCOCICA;VACINA PNEUMOCOCO;J07D1 VACINA PNEUMOCOCO;;;
Vacina Pneumocócica;VACINA PNEUMOCOCICA;VACINA PNEUMOCOCO;J07D1 VACINA PNEUMOCOCO;;;
Vacina COVID-19 (mRNA/vetor viral);VACINA COVID 19;VACINA INFLUENZA;J07E1 VACINA INFLUENZA;SIM;;
Vacina Febre Amarela;VACINA FEBRE AMARELA;VACINA INFLUENZA;J07E1 VACINA INFLUENZA;SIM;;
Vacina Influenza;VACINA INFLUENZA;VACINA INFLUENZA;J07E1 VACINA INFLUENZA;;;
Vacina Sarampo-Caxumba-Rubéola (SCR);VACINA SARAMPO CAXUMBA RUBEOLA;VACINA INFLUENZA;J07E1 VACINA INFLUENZA;SIM;;
Certolizumabe;CERTOLIZUMABE;MEDICAMENTOS ANTI TNF;L04B MEDICAMENTOS ANTI TNF;SIM;;
Etanercepte;ETANERCEPTE;MEDICAMENTOS ANTI TNF;L04B MEDICAMENTOS ANTI TNF;SIM;;
Golimumabe;GOLIMUMABE;MEDICAMENTOS ANTI TNF;L04B MEDICAMENTOS ANTI TNF;SIM;;
Anacinra (IL-1);ANACINRA;INIBIDORES DE INTERLEUCINA;L04C INIBIDORES DE INTERLEUCINA;SIM;;
Tocilizumabe (IL-6);TOCILIZUMABE;INIBIDORES DE INTERLEUCINA;L04C INIBIDORES DE INTERLEUCINA;SIM;;
Hidroxicloroquina;HIDROXICLOROQUINA;ANTIPSICOTICOS CONVENCIONAIS;N05A9 ANTIPSICOTICOS CONVENCIONAIS;;;
Leflunomida;LEFLUNOMIDA;ANTIPSICOTICOS CONVENCIONAIS;N05A9 ANTIPSICOTICOS CONVENCIONAIS;;;
Metotrexato;METOTREXATO;ANTIMETABOLITOS;L01B ANTIMETABOLITOS;;;ANTIPSICOTICOS CONVENCIONAIS
Baricitinibe;BARICITINIBE;INIBIDORES DE JAK;L04D INIBIDORES DE JAK;;;
Tofacitinibe;TOFACITINIBE;INIBIDORES DE JAK;L04D INIBIDORES DE JAK;;;
Upadacitinibe;UPADACITINIBE;INIBIDORES DE JAK;L04D INIBIDORES DE JAK;;;
Micofenolato de mofetila;MICOFENOLATO DE MOFETILA;ANTIMETABOLITOS;L01B ANTIMETABOLITOS;;;
Ciclosporina;CICLOSPORINA;INIBIDORES DE INTERLEUCINA;L04C INIBIDORES DE INTERLEUCINA;;;
Tacrolimo;TACROLIMO;INIBIDORES DE INTERLEUCINA;L04C INIBIDORES DE INTERLEUCINA;;;
Everolimo;EVEROLIMO;INIBIDORES DE JAK;L04D INIBIDORES DE JAK;;;
Sirolimo;SIROLIMO;INIBIDORES DE JAK;L04D INIBIDORES DE JAK;;;
Aflibercepte;AFLIBERCEPTE;PRODS P ANTI NEOVASCULARIZACAO OCULAR;S01P PRODS P ANTI NEOVASCULARIZACAO OCULAR;SIM;;
Bevacizumabe (off-label);BEVACIZUMABE;PRODS P ANTI NEOVASCULARIZACAO OCULAR;S01P PRODS P ANTI NEOVASCULARIZACAO OCULAR;SIM;;ANTICORPOS MONO ANTINEO HER 2
Brolucizumabe;BROLUCIZUMABE;PRODS P ANTI NEOVASCULARIZACAO OCULAR;S01P PRODS P ANTI NEOVASCULARIZACAO OCULAR;SIM;;
Ranibizumabe;RANIBIZUMABE;PRODS P ANTI NEOVASCULARIZACAO OCULAR;S01P PRODS P ANTI NEOVASCULARIZACAO OCULAR;SIM;;
Cetorolaco colírio;CETOROLACO + COLIRIO|COL|OFT|OFTALMICO|OFTALMICA|SOL OFT;ANTIINFLAMATORIOS OFTALMOLOGICOS NAO ESTEROIDES;S01R ANTIINFLAMATORIOS OFTALMOLOGICOS NAO ESTEROIDES;;SIM;"CORTICOIDES TOPICOS PUROS; CORTICOIDES TOPICOS PUROS"
Dexametasona colírio;DEXAMETASONA + COLIRIO|COL|OFT|OFTALMICO|OFTALMICA|SOL OFT;CORTICOIDES TOPICOS PUROS;D07A CORTICOIDES TOPICOS PUROS;;;
Prednisolona colírio;PREDNISOLONA + COLIRIO|COL|OFT|OFTALMICO|OFTALMICA|SOL OFT;CORTICOIDES TOPICOS PUROS;D07A CORTICOIDES TOPICOS PUROS;;;
Ciprofloxacino colírio;CIPROFLOXACINO + COLIRIO|COL|OFT|OFTALMICO|OFTALMICA|SOL OFT;ANTINFECCIOSOS;S01A ANTINFECCIOSOS;SIM;;
Moxifloxacino colírio;MOXIFLOXACINO + COLIRIO|COL|OFT|OFTALMICO|OFTALMICA|SOL OFT;ANTINFECCIOSOS;S01A ANTINFECCIOSOS;SIM;;
Tobramicina colírio;TOBRAMICINA + COLIRIO|COL|OFT|OFTALMICO|OFTALMICA|SOL OFT;ANTINFECCIOSOS;S01A ANTINFECCIOSOS;SIM;;
Brimonidina;BRIMONIDINA;TOPICOS OFTALMOLOGICOS ANTIGLAUCOMA;;SIM;;
Bimatoprosta;BIMATOPROSTA;TOPICOS OFTALMOLOGICOS ANTIGLAUCOMA;;SIM;;
Latanoprosta;LATANOPROSTA;TOPICOS OFTALMOLOGICOS ANTIGLAUCOMA;;SIM;;
Travoprosta;TRAVOPROSTA;TOPICOS OFTALMOLOGICOS ANTIGLAUCOMA;;SIM;;
Betaxolol;BETAXOLOL;TOPICOS OFTALMOLOGICOS ANTIGLAUCOMA;;SIM;;
Timolol;TIMOLOL;TOPICOS OFTALMOLOGICOS ANTIGLAUCOMA;;SIM;;
Brinzolamida;BRINZOLAMIDA;TOPICOS OFTALMOLOGICOS ANTIGLAUCOMA;;SIM;;
Dorzolamida;DORZOLAMIDA;TOPICOS OFTALMOLOGICOS ANTIGLAUCOMA;;SIM;;
Atropina colírio;ATROPINA + COLIRIO|COL|OFT|OFTALMICO|OFTALMICA|SOL OFT;MIDRIATICOS E CICLOPLEGICOS;S01F MIDRIATICOS E CICLOPLEGICOS;SIM;;
Fenilefrina colírio;FENILEFRINA + COLIRIO|COL|OFT|OFTALMICO|OFTALMICA|SOL OFT;MIDRIATICOS E CICLOPLEGICOS;S01F MIDRIATICOS E CICLOPLEGICOS;SIM;;
Tropicamida;TROPICAMIDA;MIDRIATICOS E CICLOPLEGICOS;S01F MIDRIATICOS E CICLOPLEGICOS;SIM;;
Anastrozol;ANASTROZOL;INIBIDORES DA AROMATASE CITOSTATICA;L02B3 INIBIDORES DA AROMATASE CITOSTATICA;SIM;;
Exemestano;EXEMESTANO;INIBIDORES DA AROMATASE CITOSTATICA;L02B3 INIBIDORES DA AROMATASE CITOSTATICA;SIM;;
Fulvestranto;FULVESTRANTO;INIBIDORES DA AROMATASE CITOSTATICA;L02B3 INIBIDORES DA AROMATASE CITOSTATICA;SIM;;
Letrozol;LETROZOL;INIBIDORES DA AROMATASE CITOSTATICA;L02B3 INIBIDORES DA AROMATASE CITOSTATICA;SIM;;
Tamoxifeno;TAMOXIFENO;INIBIDORES DA AROMATASE CITOSTATICA;L02B3 INIBIDORES DA AROMATASE CITOSTATICA;SIM;;
Abiraterona;ABIRATERONA;CITOSTATICOS ANTIANDROGENOS;L02B2 CITOSTATICOS ANTIANDROGENOS;SIM;;
Bicalutamida;BICALUTAMIDA;CITOSTATICOS ANTIANDROGENOS;L02B2 CITOSTATICOS ANTIANDROGENOS;SIM;;
Enzalutamida;ENZALUTAMIDA;CITOSTATICOS ANTIANDROGENOS;L02B2 CITOSTATICOS ANTIANDROGENOS;SIM;;
Goserrelina;GOSERRELINA;CITOSTATICOS ANTIANDROGENOS;L02B2 CITOSTATICOS ANTIANDROGENOS;SIM;;
Leuprolida;LEUPROLIDA;CITOSTATICOS ANTIANDROGENOS;L02B2 CITOSTATICOS ANTIANDROGENOS;SIM;;
Atezolizumabe;ATEZOLIZUMABE;ANTICORPOS MONO ANTINEO PD 1 PD L1;L01G5 ANTICORPOS MONO ANTINEO PD 1 PD L1;SIM;;
Durvalumabe;DURVALUMABE;ANTICORPOS MONO ANTINEO PD 1 PD L1;L01G5 ANTICORPOS MONO ANTINEO PD 1 PD L1;SIM;;
Ipilimumabe;IPILIMUMABE;ANTICORPOS MONO ANTINEO PD 1 PD L1;L01G5 ANTICORPOS MONO ANTINEO PD 1 PD L1;SIM;;
Nivolumabe;NIVOLUMABE;ANTICORPOS MONO ANTINEO PD 1 PD L1;L01G5 ANTICORPOS MONO ANTINEO PD 1 PD L1;SIM;;
Pembrolizumabe;PEMBROLIZUMABE;ANTICORPOS MONO ANTINEO PD 1 PD L1;L01G5 ANTICORPOS MONO ANTINEO PD 1 PD L1;SIM;;
Carboplatina;CARBOPLATINA;AGENTES ALQUILINIZANTES;L01A AGENTES ALQUILINIZANTES;SIM;;
Ciclofosfamida;CICLOFOSFAMIDA;AGENTES ALQUILINIZANTES;L01A AGENTES ALQUILINIZANTES;SIM;;
Cisplatina;CISPLATINA;AGENTES ALQUILINIZANTES;L01A AGENTES ALQUILINIZANTES;SIM;;
Clorambucila;CLORAMBUCILA;AGENTES ALQUILINIZANTES;L01A AGENTES ALQUILINIZANTES;SIM;;
Ifosfamida;IFOSFAMIDA;AGENTES ALQUILINIZANTES;L01A AGENTES ALQUILINIZANTES;SIM;;
Oxaliplatina;OXALIPLATINA;AGENTES ALQUILINIZANTES;L01A AGENTES ALQUILINIZANTES;SIM;;
Docetaxel;DOCETAXEL;ALCALOIDES DE VINCA ANTINEOPLASICOS;L01C1 ALCALOIDES DE VINCA ANTINEOPLASICOS;SIM;;
Paclitaxel;PACLITAXEL;ALCALOIDES DE VINCA ANTINEOPLASICOS;L01C1 ALCALOIDES DE VINCA ANTINEOPLASICOS;SIM;;
Vimblastina;VIMBLASTINA;ALCALOIDES DE VINCA ANTINEOPLASICOS;L01C1 ALCALOIDES DE VINCA ANTINEOPLASICOS;SIM;;
Vincristina;VINCRISTINA;ALCALOIDES DE VINCA ANTINEOPLASICOS;L01C1 ALCALOIDES DE VINCA ANTINEOPLASICOS;SIM;;
Bleomicina;BLEOMICINA;ANTIMETABOLITOS;L01B ANTIMETABOLITOS;SIM;;
Doxorrubicina;DOXORRUBICINA;ANTIMETABOLITOS;L01B ANTIMETABOLITOS;SIM;;
Epirrubicina;EPIRRUBICINA;ANTIMETABOLITOS;L01B ANTIMETABOLITOS;SIM;;
Mitomicina;MITOMICINA;ANTIMETABOLITOS;L01B ANTIMETABOLITOS;SIM;;
5-Fluorouracila;5 FLUOROURACILA;ANTIMETABOLITOS;L01B ANTIMETABOLITOS;;;
Capecitabina;CAPECITABINA;ANTIMETABOLITOS;L01B ANTIMETABOLITOS;;;
Citarabina;CITARABINA;ANTIMETABOLITOS;L01B ANTIMETABOLITOS;;;
Gencitabina;GENCITABINA;ANTIMETABOLITOS;L01B ANTIMETABOLITOS;;;
Etoposídeo;ETOPOSIDEO;ANTIMETABOLITOS;L01B ANTIMETABOLITOS;SIM;;
Irinotecano;IRINOTECANO;ANTIMETABOLITOS;L01B ANTIMETABOLITOS;SIM;;
Topotecano;TOPOTECANO;ANTIMETABOLITOS;L01B ANTIMETABOLITOS;SIM;;
Cetuximabe;CETUXIMABE;ANTICORPOS MONO ANTINEO HER 2;L01G3 ANTICORPOS MONO ANTINEO HER 2;;;
Pertuzumabe;PERTUZUMABE;ANTICORPOS MONO ANTINEO HER 2;L01G3 ANTICORPOS MONO ANTINEO HER 2;;;
Rituximabe;RITUXIMABE;ANTICORPOS MONO ANTINEO HER 2;L01G3 ANTICORPOS MONO ANTINEO HER 2;;;
Trastuzumabe;TRASTUZUMABE;ANTICORPOS MONO ANTINEO HER 2;L01G3 ANTICORPOS MONO ANTINEO HER 2;;;
Erlotinibe;ERLOTINIBE;ANTINEOPLASICOS INIBIDORES DA PROTEINA QUINASE BCR;L01H1 ANTINEOPLASICOS INIBIDORES DA PROTEINA QUINASE BCR;SIM;;
Gefitinibe;GEFITINIBE;ANTINEOPLASICOS INIBIDORES DA PROTEINA QUINASE BCR;L01H1 ANTINEOPLASICOS INIBIDORES DA PROTEINA QUINASE BCR;SIM;;
Imatinibe;IMATINIBE;ANTINEOPLASICOS INIBIDORES DA PROTEINA QUINASE BCR;L01H1 ANTINEOPLASICOS INIBIDORES DA PROTEINA QUINASE BCR;SIM;;
Osimertinibe;OSIMERTINIBE;ANTINEOPLASICOS INIBIDORES DA PROTEINA QUINASE BCR;L01H1 ANTINEOPLASICOS INIBIDORES DA PROTEINA QUINASE BCR;SIM;;
Sorafenibe;SORAFENIBE;ANTINEOPLASICOS INIBIDORES DA PROTEINA QUINASE BCR;L01H1 ANTINEOPLASICOS INIBIDORES DA PROTEINA QUINASE BCR;SIM;;
Sunitinibe;SUNITINIBE;ANTINEOPLASICOS INIBIDORES DA PROTEINA QUINASE BCR;L01H1 ANTINEOPLASICOS INIBIDORES DA PROTEINA QUINASE BCR;SIM;;
Difenidramina;DIFENIDRAMINA;ANTIHISTAMINICOS SISTEMICOS;R06A ANTIHISTAMINICOS SISTEMICOS;SIM;;
Hidroxizina;HIDROXIZINA;ANTIHISTAMINICOS SISTEMICOS;R06A ANTIHISTAMINICOS SISTEMICOS;SIM;;
Prometazina;PROMETAZINA;ANTIHISTAMINICOS SISTEMICOS;R06A ANTIHISTAMINICOS SISTEMICOS;SIM;;
Bilastina;BILASTINA;ANTIHISTAMINICOS SISTEMICOS;R06A ANTIHISTAMINICOS SISTEMICOS;SIM;;
Cetirizina;CETIRIZINA;ANTIHISTAMINICOS SISTEMICOS;R06A ANTIHISTAMINICOS SISTEMICOS;SIM;;
Desloratadina;DESLORATADINA;ANTIHISTAMINICOS SISTEMICOS;R06A ANTIHISTAMINICOS SISTEMICOS;SIM;;
Fexofenadina;FEXOFENADINA;ANTIHISTAMINICOS SISTEMICOS;R06A ANTIHISTAMINICOS SISTEMICOS;SIM;;
Loratadina;LORATADINA;ANTIHISTAMINICOS SISTEMICOS;R06A ANTIHISTAMINICOS SISTEMICOS;SIM;;
Abaloparatida;ABALOPARATIDA;OUTROS REGULADORES DO CALCIO OSSEO;M05B9 OUTROS REGULADORES DO CALCIO OSSEO;SIM;;
Teriparatida;TERIPARATIDA;OUTROS REGULADORES DO CALCIO OSSEO;M05B9 OUTROS REGULADORES DO CALCIO OSSEO;SIM;;
Atropina (organofosforados);ATROPINA;SOLUCOES CLORETO DE SODIO;K01B1 SOLUCOES CLORETO DE SODIO;SIM;;
Azul de metileno;AZUL DE METILENO;SOLUCOES CLORETO DE SODIO;K01B1 SOLUCOES CLORETO DE SODIO;SIM;;
Flumazenil (benzodiazepínicos);FLUMAZENIL;SOLUCOES CLORETO DE SODIO;K01B1 SOLUCOES CLORETO DE SODIO;SIM;;
N-acetilcisteína (paracetamol);N ACETILCISTEINA;SOLUCOES CLORETO DE SODIO;K01B1 SOLUCOES CLORETO DE SODIO;SIM;;
Naloxona (opioides);NALOXONA;SOLUCOES CLORETO DE SODIO;K01B1 SOLUCOES CLORETO DE SODIO;SIM;;
Sildenafila;SILDENAFILA;INIBIDORES DE PDE5 PARA DISFUNCAO ERETIL;G04E1 INIBIDORES DE PDE5 PARA DISFUNCAO ERETIL;;;
Tadalafila;TADALAFILA;INIBIDORES DE PDE5 PARA DISFUNCAO ERETIL;G04E1 INIBIDORES DE PDE5 PARA DISFUNCAO ERETIL;;;
Vardenafila;VARDENAFILA;INIBIDORES DE PDE5 PARA DISFUNCAO ERETIL;G04E1 INIBIDORES DE PDE5 PARA DISFUNCAO ERETIL;;;
Cloreto de potássio;CLORETO DE POTASSIO;1 1 SOLUCOES ELETROLITICAS;K01A1 1 1 SOLUCOES ELETROLITICAS;SIM;;
Cloreto de sódio;CLORETO DE SODIO;SOLUCOES CLORETO DE SODIO;K01B1 SOLUCOES CLORETO DE SODIO;;;
Gluconato de cálcio;GLUCONATO DE CALCIO;1 1 SOLUCOES ELETROLITICAS;K01A1 1 1 SOLUCOES ELETROLITICAS;SIM;;
Sais para reidratação oral;SAIS PARA REIDRATACAO ORAL;1 1 SOLUCOES ELETROLITICAS;K01A1 1 1 SOLUCOES ELETROLITICAS;SIM;;
Sulfato de magnésio;SULFATO DE MAGNESIO;1 1 SOLUCOES ELETROLITICAS;K01A1 1 1 SOLUCOES ELETROLITICAS;SIM;;
Oxibutinina;OXIBUTININA;PRODUTOS PARA INCONTINENCIA URINARIA;G04D4 PRODUTOS PARA INCONTINENCIA URINARIA;SIM;;
Solifenacina;SOLIFENACINA;PRODUTOS PARA INCONTINENCIA URINARIA;G04D4 PRODUTOS PARA INCONTINENCIA URINARIA;SIM;;
Tolterodina;TOLTERODINA;PRODUTOS PARA INCONTINENCIA URINARIA;G04D4 PRODUTOS PARA INCONTINENCIA URINARIA;SIM;;
Alfuzosina;ALFUZOSINA;INIBIDORES DA TESTOSTERONA 5 ALFAREDUCTASA SIMPLES;G04C3 INIBIDORES DA TESTOSTERONA 5 ALFAREDUCTASA SIMPLES;SIM;;
Tansulosina;TANSULOSINA;INIBIDORES DA TESTOSTERONA 5 ALFAREDUCTASA SIMPLES;G04C3 INIBIDORES DA TESTOSTERONA 5 ALFAREDUCTASA SIMPLES;SIM;;
Baclofeno;BACLOFENO;RELAXANTES MUSCULARES ACAO CENTRAL;M03B RELAXANTES MUSCULARES ACAO CENTRAL;;;
Carisoprodol;CARISOPRODOL;RELAXANTES MUSCULARES ACAO CENTRAL;M03B RELAXANTES MUSCULARES ACAO CENTRAL;;;
Ciclobenzaprina;CICLOBENZAPRINA;RELAXANTES MUSCULARES ACAO CENTRAL;M03B RELAXANTES MUSCULARES ACAO CENTRAL;;;
Tizanidina;TIZANIDINA;RELAXANTES MUSCULARES ACAO CENTRAL;M03B RELAXANTES MUSCULARES ACAO CENTRAL;;;
Cianocobalamina (B12);CIANOCOBALAMINA;COMPLEXO B PURO;A11E1 COMPLEXO B PURO;;;
Piridoxina (B6);PIRIDOXINA;COMPLEXO B PURO;A11E1 COMPLEXO B PURO;;;
Tiamina (B1);TIAMINA;COMPLEXO B PURO;A11E1 COMPLEXO B PURO;;;
Vitamina A;VITAMINA A;VITAMINA A PURA;;;SIM;"VITAMINA B1; VITAMINA B1"
Vitamina D (Colecalciferol);VITAMINA D|COLECALCIFEROL;VITAMINA D PURA;;;SIM;"VITAMINA B1; VITAMINA B1"
Vitamina E;VITAMINA E;VITAMINA OUTRO;;;SIM;"VITAMINA B1; VITAMINA B1"
Montelucaste;MONTELUCASTE;ANTIASMATICOS ANTAGONISTAS DE LEUCOTRIENE SISTEMIC;R03J2 ANTIASMATICOS ANTAGONISTAS DE LEUCOTRIENE SISTEMIC;SIM;;
Zafirlucaste;ZAFIRLUCASTE;ANTIASMATICOS ANTAGONISTAS DE LEUCOTRIENE SISTEMIC;R03J2 ANTIASMATICOS ANTAGONISTAS DE LEUCOTRIENE SISTEMIC;SIM;;
Beclometasona;BECLOMETASONA;CORTICOIDES INALANTES;R03D1 CORTICOIDES INALANTES;SIM;;
Budesonida;BUDESONIDA;CORTICOIDES INALANTES;R03D1 CORTICOIDES INALANTES;SIM;;
Ciclesonida;CICLESONIDA;CORTICOIDES INALANTES;R03D1 CORTICOIDES INALANTES;SIM;;
Fluticasona;FLUTICASONA;CORTICOIDES INALANTES;R03D1 CORTICOIDES INALANTES;SIM;;
Cromoglicato de sódio;CROMOGLICATO DE SODIO;ANTIINFLAMATORIOS RESPIRATORIOS NAO ESTEROIDES SIS;R03C2 ANTIINFLAMATORIOS RESPIRATORIOS NAO ESTEROIDES SIS;SIM;;
Fenilefrina;FENILEFRINA;DESCONGESTIONANTES NASAIS;R01A7 DESCONGESTIONANTES NASAIS;SIM;;
Oximetazolina;OXIMETAZOLINA;DESCONGESTIONANTES NASAIS;R01A7 DESCONGESTIONANTES NASAIS;SIM;;
Pseudoefedrina;PSEUDOEFEDRINA;DESCONGESTIONANTES NASAIS;R01A7 DESCONGESTIONANTES NASAIS;SIM;;
Codeína;CODEINA;ANALGESICOS NARCOTICOS;N02A ANALGESICOS NARCOTICOS;;;ANTITUSSIGENOS PUROS
Dextrometorfano;DEXTROMETORFANO;ANTITUSSIGENOS PUROS;R05D1 ANTITUSSIGENOS PUROS;;;
Benralizumabe;BENRALIZUMABE;INIBIDORES DA PDE4 PARA ASMA E DPOC SISTEMICOS;R03H2 INIBIDORES DA PDE4 PARA ASMA E DPOC SISTEMICOS;SIM;;
Dupilumabe;DUPILUMABE;INIBIDORES DA PDE4 PARA ASMA E DPOC SISTEMICOS;R03H2 INIBIDORES DA PDE4 PARA ASMA E DPOC SISTEMICOS;SIM;;
Mepolizumabe;MEPOLIZUMABE;INIBIDORES DA PDE4 PARA ASMA E DPOC SISTEMICOS;R03H2 INIBIDORES DA PDE4 PARA ASMA E DPOC SISTEMICOS;SIM;;
Omalizumabe;OMALIZUMABE;INIBIDORES DA PDE4 PARA ASMA E DPOC SISTEMICOS;R03H2 INIBIDORES DA PDE4 PARA ASMA E DPOC SISTEMICOS;SIM;;
Ipratrópio;IPRATROPIO;ANTICOLINERGICOS INALANTES ACAO CURTA;R03K1 ANTICOLINERGICOS INALANTES ACAO CURTA;SIM;;
Glicopirrônio;GLICOPIRRONIO;ANTICOLINERGICOS INALANTES ACAO LONGA;R03K2 ANTICOLINERGICOS INALANTES ACAO LONGA;SIM;;
Tiotrópio;TIOTROPIO;ANTICOLINERGICOS INALANTES ACAO LONGA;R03K2 ANTICOLINERGICOS INALANTES ACAO LONGA;SIM;;
Umeclidínio;UMECLIDINIO;ANTICOLINERGICOS INALANTES ACAO LONGA;R03K2 ANTICOLINERGICOS INALANTES ACAO LONGA;SIM;;
Fenoterol;FENOTEROL;AGONISTAS BETA 2 ACAO CURTA INALANTES;R03A4 AGONISTAS BETA 2 ACAO CURTA INALANTES;SIM;;
Salbutamol (Albuterol);SALBUTAMOL|ALBUTEROL;AGONISTAS BETA 2 ACAO CURTA INALANTES;R03A4 AGONISTAS BETA 2 ACAO CURTA INALANTES;SIM;;
Terbutalina;TERBUTALINA;AGONISTAS BETA 2 ACAO CURTA INALANTES;R03A4 AGONISTAS BETA 2 ACAO CURTA INALANTES;SIM;;
Formoterol;FORMOTEROL;AGONISTAS BETA 2 ACAO LONGA INALANTES;R03A3 AGONISTAS BETA 2 ACAO LONGA INALANTES;SIM;;
Indacaterol;INDACATEROL;AGONISTAS BETA 2 ACAO LONGA INALANTES;R03A3 AGONISTAS BETA 2 ACAO LONGA INALANTES;SIM;;
Salmeterol;SALMETEROL;AGONISTAS BETA 2 ACAO LONGA INALANTES;R03A3 AGONISTAS BETA 2 ACAO LONGA INALANTES;SIM;;
Vilanterol;VILANTEROL;AGONISTAS BETA 2 ACAO LONGA INALANTES;R03A3 AGONISTAS BETA 2 ACAO LONGA INALANTES;SIM;;
Aminofilina;AMINOFILINA;XANTINAS SISTEMICAS;R03B2 XANTINAS SISTEMICAS;SIM;;
Teofilina;TEOFILINA;XANTINAS SISTEMICAS;R03B2 XANTINAS SISTEMICAS;SIM;;
Acetilcisteína;ACETILCISTEINA;EXPECTORANTES;R05C EXPECTORANTES;SIM;;
Ambroxol;AMBROXOL;EXPECTORANTES;R05C EXPECTORANTES;SIM;;
Bromexina;BROMEXINA;EXPECTORANTES;R05C EXPECTORANTES;SIM;;
Guaifenesina;GUAIFENESINA;EXPECTORANTES;R05C EXPECTORANTES;SIM;;
Dipirona;DIPIRONA;NAO NARCOTICOS ANTIPIRETICOS;N02B NAO NARCOTICOS ANTIPIRETICOS;;;
Paracetamol (Acetaminofeno);PARACETAMOL|ACETAMINOFENO;NAO NARCOTICOS ANTIPIRETICOS;N02B NAO NARCOTICOS ANTIPIRETICOS;;;
Fentanil;FENTANIL;ANALGESICOS NARCOTICOS;N02A ANALGESICOS NARCOTICOS;SIM;;
Hidromorfona;HIDROMORFONA;ANALGESICOS NARCOTICOS;N02A ANALGESICOS NARCOTICOS;SIM;;
Meperidina;MEPERIDINA;ANALGESICOS NARCOTICOS;N02A ANALGESICOS NARCOTICOS;SIM;;
Metadona;METADONA;ANALGESICOS NARCOTICOS;N02A ANALGESICOS NARCOTICOS;SIM;;
Morfina;MORFINA;ANALGESICOS NARCOTICOS;N02A ANALGESICOS NARCOTICOS;SIM;;
Oxicodona;OXICODONA;ANALGESICOS NARCOTICOS;N02A ANALGESICOS NARCOTICOS;SIM;;
Tramadol;TRAMADOL;ANALGESICOS NARCOTICOS;N02A ANALGESICOS NARCOTICOS;;;
Desflurano;DESFLURANO;ANESTESICOS INALANTES;N01A1 ANESTESICOS INALANTES;;;
Isoflurano;ISOFLURANO;ANESTESICOS INALANTES;N01A1 ANESTESICOS INALANTES;;;
Sevoflurano;SEVOFLURANO;ANESTESICOS INALANTES;N01A1 ANESTESICOS INALANTES;;;
Óxido nitroso;OXIDO NITROSO;ANESTESICOS INALANTES;N01A1 ANESTESICOS INALANTES;;;
Cetamina;CETAMINA;ANESTESICOS INALANTES;N01A1 ANESTESICOS INALANTES;;;
Etomidato;ETOMIDATO;ANESTESICOS INALANTES;N01A1 ANESTESICOS INALANTES;;;
Propofol;PROPOFOL;ANESTESICOS INALANTES;N01A1 ANESTESICOS INALANTES;;;
Tiopental;TIOPENTAL;ANESTESICOS INALANTES;N01A1 ANESTESICOS INALANTES;;;
Bupivacaína;BUPIVACAINA;ANESTESICOS LOCAIS;S01H ANESTESICOS LOCAIS;;;
Prilocaína;PRILOCAINA;ANESTESICOS LOCAIS;S01H ANESTESICOS LOCAIS;;;
Ropivacaína;ROPIVACAINA;ANESTESICOS LOCAIS;S01H ANESTESICOS LOCAIS;;;
Benzocaína;BENZOCAINA;ANESTESICOS LOCAIS;S01H ANESTESICOS LOCAIS;;;
Procaína;PROCAINA;ANESTESICOS LOCAIS;S01H ANESTESICOS LOCAIS;;;
Tetracaína;TETRACAINA;ANESTESICOS LOCAIS;S01H ANESTESICOS LOCAIS;;;
Alprazolam;ALPRAZOLAM;TRANQUILIZANTES;N05C TRANQUILIZANTES;SIM;;
Bromazepam;BROMAZEPAM;TRANQUILIZANTES;N05C TRANQUILIZANTES;SIM;;
Clonazepam;CLONAZEPAM;TRANQUILIZANTES;N05C TRANQUILIZANTES;SIM;;
Diazepam;DIAZEPAM;TRANQUILIZANTES;N05C TRANQUILIZANTES;SIM;;
Lorazepam;LORAZEPAM;TRANQUILIZANTES;N05C TRANQUILIZANTES;SIM;;
Midazolam;MIDAZOLAM;TRANQUILIZANTES;N05C TRANQUILIZANTES;SIM;;
Buspirona;BUSPIRONA;TRANQUILIZANTES;N05C TRANQUILIZANTES;SIM;;
Memantina;MEMANTINA;TODOS OUTROS PRODUTOS ANTI ALZHEIMER;N07D9 TODOS OUTROS PRODUTOS ANTI ALZHEIMER;SIM;;
Donepezila;DONEPEZILA;PRODUTOS ANTI ALZHEIMER INIBIDORES COLINESTERASA;N07D1 PRODUTOS ANTI ALZHEIMER INIBIDORES COLINESTERASA;SIM;;
Galantamina;GALANTAMINA;PRODUTOS ANTI ALZHEIMER INIBIDORES COLINESTERASA;N07D1 PRODUTOS ANTI ALZHEIMER INIBIDORES COLINESTERASA;SIM;;
Rivastigmina;RIVASTIGMINA;PRODUTOS ANTI ALZHEIMER INIBIDORES COLINESTERASA;N07D1 PRODUTOS ANTI ALZHEIMER INIBIDORES COLINESTERASA;SIM;;
Cetoprofeno;CETOPROFENO;ANTI REUMATICOS NAO ESTEROIDAIS PUROS;;SIM;;
Diclofenaco;DICLOFENACO;ANTI REUMATICOS NAO ESTEROIDAIS PUROS;;SIM;;
Ibuprofeno;IBUPROFENO;ANTI REUMATICOS NAO ESTEROIDAIS PUROS;;SIM;;
Indometacina;INDOMETACINA;ANTI REUMATICOS NAO ESTEROIDAIS PUROS;;SIM;;
Naproxeno;NAPROXENO;ANTI REUMATICOS NAO ESTEROIDAIS PUROS;;SIM;;
Piroxicam;PIROXICAM;ANTI REUMATICOS NAO ESTEROIDAIS PUROS;;SIM;;
Celecoxibe;CELECOXIBE;ANTI REUMATICOS NAO ESTEROIDAIS PUROS;;SIM;;
Etoricoxibe;ETORICOXIBE;ANTI REUMATICOS NAO ESTEROIDAIS PUROS;;SIM;;
Carbamazepina;CARBAMAZEPINA;ANTICONVULSIVANTES;N03A ANTICONVULSIVANTES;SIM;;REGULADOR DE HUMOR
Fenitoína;FENITOINA;ANTICONVULSIVANTES;N03A ANTICONVULSIVANTES;SIM;;
Lamotrigina;LAMOTRIGINA;ANTICONVULSIVANTES;N03A ANTICONVULSIVANTES;SIM;;REGULADOR DE HUMOR
Oxcarbazepina;OXCARBAZEPINA;ANTICONVULSIVANTES;N03A ANTICONVULSIVANTES;SIM;;
Gabapentina;GABAPENTINA;PROD GABAPENTINOIDES;N02D PROD GABAPENTINOIDES;SIM;;
Pregabalina;PREGABALINA;PROD GABAPENTINOIDES;N02D PROD GABAPENTINOIDES;SIM;;
Benzodiazepínicos;BENZODIAZEPINICOS;ANTICONVULSIVANTES;N03A ANTICONVULSIVANTES;;;
Fenobarbital;FENOBARBITAL;ANTICONVULSIVANTES;N03A ANTICONVULSIVANTES;;;
Vigabatrina;VIGABATRINA;ANTICONVULSIVANTES;N03A ANTICONVULSIVANTES;;;
Ácido valproico;ACIDO VALPROICO;ANTICONVULSIVANTES;N03A ANTICONVULSIVANTES;SIM;;REGULADOR DE HUMOR
Lacosamida;LACOSAMIDA;ANTICONVULSIVANTES;N03A ANTICONVULSIVANTES;;;
Levetiracetam;LEVETIRACETAM;ANTICONVULSIVANTES;N03A ANTICONVULSIVANTES;;;
Topiramato;TOPIRAMATO;ANTICONVULSIVANTES;N03A ANTICONVULSIVANTES;;;
Bupropiona;BUPROPIONA;ANTIPSICOTICOS ATIPICOS;N05A1 ANTIPSICOTICOS ATIPICOS;;;
Mirtazapina;MIRTAZAPINA;ANTIPSICOTICOS ATIPICOS;N05A1 ANTIPSICOTICOS ATIPICOS;;;
Trazodona;TRAZODONA;ANTIPSICOTICOS ATIPICOS;N05A1 ANTIPSICOTICOS ATIPICOS;;;
Vortioxetina;VORTIOXETINA;ANTIPSICOTICOS ATIPICOS;N05A1 ANTIPSICOTICOS ATIPICOS;;;
Moclobemida;MOCLOBEMIDA;A DEPRESSIVOS TODOS OS OUTROS;N06A9 A DEPRESSIVOS TODOS OS OUTROS;SIM;;
Tranilcipromina;TRANILCIPROMINA;A DEPRESSIVOS TODOS OS OUTROS;N06A9 A DEPRESSIVOS TODOS OS OUTROS;SIM;;
Desvenlafaxina;DESVENLAFAXINA;A DEPRESSIVOS SNRI;N06A5 A DEPRESSIVOS SNRI;SIM;;
Duloxetina;DULOXETINA;A DEPRESSIVOS SNRI;N06A5 A DEPRESSIVOS SNRI;SIM;;
Venlafaxina;VENLAFAXINA;A DEPRESSIVOS SNRI;N06A5 A DEPRESSIVOS SNRI;SIM;;
Citalopram;CITALOPRAM;A DEPRESIVOS SSRI;N06A4 A DEPRESIVOS SSRI;SIM;;
Escitalopram;ESCITALOPRAM;A DEPRESIVOS SSRI;N06A4 A DEPRESIVOS SSRI;SIM;;
Fluoxetina;FLUOXETINA;A DEPRESIVOS SSRI;N06A4 A DEPRESIVOS SSRI;SIM;;
Paroxetina;PAROXETINA;A DEPRESIVOS SSRI;N06A4 A DEPRESIVOS SSRI;SIM;;
Sertralina;SERTRALINA;A DEPRESIVOS SSRI;N06A4 A DEPRESIVOS SSRI;SIM;;
Amitriptilina;AMITRIPTILINA;A DEPRESSIVOS TODOS OS OUTROS;N06A9 A DEPRESSIVOS TODOS OS OUTROS;SIM;;
Clomipramina;CLOMIPRAMINA;A DEPRESSIVOS TODOS OS OUTROS;N06A9 A DEPRESSIVOS TODOS OS OUTROS;SIM;;
Imipramina;IMIPRAMINA;A DEPRESSIVOS TODOS OS OUTROS;N06A9 A DEPRESSIVOS TODOS OS OUTROS;SIM;;
Nortriptilina;NORTRIPTILINA;A DEPRESSIVOS TODOS OS OUTROS;N06A9 A DEPRESSIVOS TODOS OS OUTROS;SIM;;
Erenumabe;ERENUMABE;ANTAGONISTAS CGRP ANTI ENXAQUECA;N02C2 ANTAGONISTAS CGRP ANTI ENXAQUECA;SIM;;
Fremanezumabe;FREMANEZUMABE;ANTAGONISTAS CGRP ANTI ENXAQUECA;N02C2 ANTAGONISTAS CGRP ANTI ENXAQUECA;SIM;;
Galcanezumabe;GALCANEZUMABE;ANTAGONISTAS CGRP ANTI ENXAQUECA;N02C2 ANTAGONISTAS CGRP ANTI ENXAQUECA;SIM;;
Rimegepanto;RIMEGEPANTO;ANTAGONISTAS CGRP ANTI ENXAQUECA;N02C2 ANTAGONISTAS CGRP ANTI ENXAQUECA;SIM;;
Dihidroergotamina;DIHIDROERGOTAMINA;TODAS AS OUTRAS PREPARACOES ANTI ENXAQUECA;N02C9 TODAS AS OUTRAS PREPARACOES ANTI ENXAQUECA;SIM;;
Tartarato de ergotamina;TARTARATO DE ERGOTAMINA;TODAS AS OUTRAS PREPARACOES ANTI ENXAQUECA;N02C9 TODAS AS OUTRAS PREPARACOES ANTI ENXAQUECA;SIM;;
Naratriptana;NARATRIPTANA;AGONISTAS SELETIVOS DE SEROTONINA ANTIMIGRAINAS;N02C1 AGONISTAS SELETIVOS DE SEROTONINA ANTIMIGRAINAS;SIM;;
Rizatriptana;RIZATRIPTANA;AGONISTAS SELETIVOS DE SEROTONINA ANTIMIGRAINAS;N02C1 AGONISTAS SELETIVOS DE SEROTONINA ANTIMIGRAINAS;SIM;;
Sumatriptana;SUMATRIPTANA;AGONISTAS SELETIVOS DE SEROTONINA ANTIMIGRAINAS;N02C1 AGONISTAS SELETIVOS DE SEROTONINA ANTIMIGRAINAS;SIM;;
Zolmitriptana;ZOLMITRIPTANA;AGONISTAS SELETIVOS DE SEROTONINA ANTIMIGRAINAS;N02C1 AGONISTAS SELETIVOS DE SEROTONINA ANTIMIGRAINAS;SIM;;
Bromocriptina;BROMOCRIPTINA;ANTIPARKINSONIANOS;N04A ANTIPARKINSONIANOS;;;
Pramipexol;PRAMIPEXOL;ANTIPARKINSONIANOS;N04A ANTIPARKINSONIANOS;;;
Ropinirol;ROPINIROL;ANTIPARKINSONIANOS;N04A ANTIPARKINSONIANOS;;;
Rotigotina;ROTIGOTINA;ANTIPARKINSONIANOS;N04A ANTIPARKINSONIANOS;;;
Biperideno;BIPERIDENO;ANTIPARKINSONIANOS;N04A ANTIPARKINSONIANOS;;;
Triexifenidil;TRIEXIFENIDIL;ANTIPARKINSONIANOS;N04A ANTIPARKINSONIANOS;;;
Entacapona;ENTACAPONA;ANTIPARKINSONIANOS;N04A ANTIPARKINSONIANOS;;;
Tolcapona;TOLCAPONA;ANTIPARKINSONIANOS;N04A ANTIPARKINSONIANOS;;;
Rasagilina;RASAGILINA;ANTIPARKINSONIANOS;N04A ANTIPARKINSONIANOS;;;
Selegilina;SELEGILINA;ANTIPARKINSONIANOS;N04A ANTIPARKINSONIANOS;;;
Levodopa (associada a Carbidopa ou Benserazida);LEVODOPA;ANTIPARKINSONIANOS;N04A ANTIPARKINSONIANOS;;;
Aripiprazol;ARIPIPRAZOL;ANTIPSICOTICOS ATIPICOS;N05A1 ANTIPSICOTICOS ATIPICOS;;;
Clozapina;CLOZAPINA;ANTIPSICOTICOS ATIPICOS;N05A1 ANTIPSICOTICOS ATIPICOS;;;
Olanzapina;OLANZAPINA;ANTIPSICOTICOS ATIPICOS;N05A1 ANTIPSICOTICOS ATIPICOS;;;
Paliperidona;PALIPERIDONA;ANTIPSICOTICOS ATIPICOS;N05A1 ANTIPSICOTICOS ATIPICOS;;;
Quetiapina;QUETIAPINA;ANTIPSICOTICOS ATIPICOS;N05A1 ANTIPSICOTICOS ATIPICOS;;;
Risperidona;RISPERIDONA;ANTIPSICOTICOS ATIPICOS;N05A1 ANTIPSICOTICOS ATIPICOS;;;
Ziprasidona;ZIPRASIDONA;ANTIPSICOTICOS ATIPICOS;N05A1 ANTIPSICOTICOS ATIPICOS;;;
Clorpromazina;CLORPROMAZINA;ANTIPSICOTICOS ATIPICOS;N05A1 ANTIPSICOTICOS ATIPICOS;;;
Flufenazina;FLUFENAZINA;ANTIPSICOTICOS ATIPICOS;N05A1 ANTIPSICOTICOS ATIPICOS;;;
Haloperidol;HALOPERIDOL;ANTIPSICOTICOS ATIPICOS;N05A1 ANTIPSICOTICOS ATIPICOS;;;
Levomepromazina;LEVOMEPROMAZINA;ANTIPSICOTICOS ATIPICOS;N05A1 ANTIPSICOTICOS ATIPICOS;;;
Dimenidrinato;DIMENIDRINATO;OUTROS MEDICAMENTOS ANTIVERTIGINOSOS;N07C OUTROS MEDICAMENTOS ANTIVERTIGINOSOS;SIM;;
Escopolamina;ESCOPOLAMINA;OUTROS MEDICAMENTOS ANTIVERTIGINOSOS;N07C OUTROS MEDICAMENTOS ANTIVERTIGINOSOS;SIM;;
Meclizina;MECLIZINA;OUTROS MEDICAMENTOS ANTIVERTIGINOSOS;N07C OUTROS MEDICAMENTOS ANTIVERTIGINOSOS;SIM;;
Succinilcolina;SUCCINILCOLINA;ANESTESICOS INALANTES;N01A1 ANESTESICOS INALANTES;SIM;;
Atracúrio;ATRACURIO;ANESTESICOS INALANTES;N01A1 ANESTESICOS INALANTES;SIM;;
Cisatracúrio;CISATRACURIO;ANESTESICOS INALANTES;N01A1 ANESTESICOS INALANTES;SIM;;
Rocurônio;ROCURONIO;ANESTESICOS INALANTES;N01A1 ANESTESICOS INALANTES;SIM;;
Vecurônio;VECURONIO;ANESTESICOS INALANTES;N01A1 ANESTESICOS INALANTES;SIM;;
Carbonato de lítio;CARBONATO DE LITIO;REGULADOR DE HUMOR;N06A3 REGULADOR DE HUMOR;SIM;;
Anfetaminas (Lisdexanfetamina);ANFETAMINAS|LISDEXANFETAMINA;PSICOESTIMULANTES;N06B PSICOESTIMULANTES;;SIM;"ESTIMULANTES DO APETITE; ESTIMULANTES DO APETITE"
Metilfenidato;METILFENIDATO;ESTIMULANTES DO APETITE;A15A ESTIMULANTES DO APETITE;;;
Melatonina;MELATONINA;NAO BARBITURICOS PUROS;N05B1 NAO BARBITURICOS PUROS;SIM;;
Ramelteon;RAMELTEON;NAO BARBITURICOS PUROS;N05B1 NAO BARBITURICOS PUROS;SIM;;
Eszopiclona;ESZOPICLONA;NAO BARBITURICOS PUROS;N05B1 NAO BARBITURICOS PUROS;SIM;;
Zolpidem;ZOLPIDEM;NAO BARBITURICOS PUROS;N05B1 NAO BARBITURICOS PUROS;SIM;;
Zopiclona;ZOPICLONA;NAO BARBITURICOS PUROS;N05B1 NAO BARBITURICOS PUROS;SIM;;
